218A0180;1;45;1558228559;207;204;36174;41730;17;40;171;-4032;0;-59;0;-740;0;201;262;14915
218A0180;2;49;1558228559;6;6;32;53;63;60;19;17;18;15;12;12;50;3
218A0180;3;45;1558232159;189;189;37447;41858;17;41;145;-4030;0;-59;0;-740;0;186;250;14864
218A0180;4;49;1558232159;0;0;0;0;0;0;0;0;0;0;0;0;50;3
218A0180;5;45;1558235759;178;178;37272;41858;17;41;135;-4030;0;-60;0;-740;0;174;238;14714
218A0180;6;49;1558235759;0;0;0;0;0;0;0;0;0;0;0;0;50;3
218A0180;7;45;367200;167;167;36430;41916;17;41;125;-4029;0;-60;0;-741;0;165;228;14680
218A0180;8;49;367200;0;0;0;0;0;0;0;0;0;0;0;0;50;3
218A0180;9;45;370800;159;161;36353;41986;17;41;119;-4028;0;-60;0;-741;0;157;222;14644
218A0180;A;49;370800;0;0;0;0;0;0;0;0;0;0;0;0;50;3
218A0180;B;45;374400;155;155;36837;41986;17;41;118;-4028;0;-60;0;-741;0;153;214;14539
218A0180;C;49;374400;0;0;0;0;0;0;0;0;0;0;0;0;50;3
218A0180;D;45;378000;150;150;35758;41986;17;41;114;-4028;0;-59;0;-744;0;148;209;14326
218A0180;E;49;378000;0;0;0;0;0;0;0;0;0;0;0;0;50;3
218A0180;F;45;381600;146;146;34974;41986;17;42;111;-4027;0;-60;0;-742;0;144;204;14284
218A0180;10;49;381600;0;0;4;6;8;8;1;1;1;1;1;1;50;3
218A0180;11;45;385200;142;142;35189;42056;17;42;109;-4027;0;-61;0;-741;0;140;203;14519
218A0180;12;49;385200;29;28;211;419;491;537;86;82;99;88;67;50;50;3
218A0180;13;45;388800;139;139;34388;42114;17;42;108;-4027;0;-60;0;-741;0;138;199;14491
218A0180;14;49;388800;156;164;1351;2560;3067;3286;400;427;572;561;353;276;50;3
218A0180;15;45;392400;142;143;34826;42113;17;42;117;-4028;0;-59;0;-743;0;141;201;14474
218A0180;16;49;392400;263;284;2193;4114;4789;4968;626;737;944;985;589;431;50;3
218A0180;17;45;396000;149;150;34447;41992;17;43;132;-4029;0;-58;0;-742;0;151;208;14493
218A0180;18;49;396000;349;302;2739;4707;5494;5232;761;824;1249;1192;767;457;50;3
218A0180;19;45;399600;163;164;35948;41986;17;42;154;-4030;0;-49;0;-751;0;165;218;14475
218A0180;1A;49;399600;412;321;2599;4548;6025;5713;940;892;1236;1143;936;587;50;3
218A0180;1B;45;403200;174;175;36559;41986;17;42;162;-4031;0;-62;0;-743;0;175;227;14437
218A0180;1C;49;403200;545;403;2960;4870;6720;6053;1218;1118;1525;1343;1268;772;50;3
218A0180;1D;45;406800;186;185;37841;41986;17;42;174;-4032;0;-60;0;-741;0;186;235;14390
218A0180;1E;49;406800;954;430;4189;6077;8776;7668;1586;1325;2481;1892;2086;1139;50;3
218A0180;1F;45;410400;195;195;37942;41986;17;41;184;-4032;0;-64;0;-744;0;197;244;14353
218A0180;20;49;410400;1353;937;5470;8144;10900;10522;2794;2774;3588;3463;2716;3020;50;3
218A0180;21;45;414000;207;204;38307;41986;17;42;193;-4022;1;-67;1;-796;1;208;249;14271
218A0180;22;49;414000;1116;754;5058;8088;9758;9469;2225;2386;3116;2983;2174;1606;50;3
218A0180;23;45;417600;213;212;38705;41986;17;41;196;-4033;0;-67;0;-743;0;215;261;14225
218A0180;24;49;417600;1707;834;4703;7188;9270;8476;3225;2516;3784;3176;3587;1928;50;3
218A0180;25;45;421200;220;219;39308;41986;17;41;203;-4033;0;-75;0;-742;0;219;264;14244
218A0180;26;49;421200;1201;759;2921;4660;6079;5700;2072;2025;2444;2300;2294;1640;50;3
218A0180;27;45;424800;222;222;38823;41986;17;41;202;-4034;0;-62;0;-741;0;222;274;14209
218A0180;28;49;424800;1066;645;3109;4779;6133;5842;1788;1719;2477;1973;2071;1156;50;3
218A0180;29;45;428400;223;222;39266;41986;17;41;203;-4034;0;-59;0;-743;0;223;275;14185
218A0180;2A;49;428400;545;267;2266;3500;4629;4316;956;827;1457;1143;1136;548;50;3
218A0180;2B;45;432000;221;220;39261;42019;17;41;199;-4031;0;-61;0;-754;0;221;276;14205
218A0180;2C;49;432000;215;146;1002;1862;2656;2607;540;480;590;540;466;309;50;3
218A0180;2D;45;435600;218;218;39316;42114;17;40;194;-4033;0;-55;0;-744;0;217;275;14274
218A0180;2E;49;435600;98;64;442;774;999;980;285;243;308;247;213;129;50;3
218A0180;2F;45;439200;213;213;39785;42114;17;40;188;-4033;0;-61;0;-743;0;212;273;14311
218A0180;30;49;439200;38;24;132;221;261;254;119;102;115;93;78;55;50;3
218A0180;31;45;442800;202;201;39007;42114;17;41;169;-4032;0;-62;0;-741;0;199;262;14339
218A0180;32;49;442800;3;3;16;25;29;25;15;12;11;8;7;6;50;3
218A0180;33;45;446400;187;187;38517;42242;17;41;151;-4030;0;-59;0;-743;0;187;252;14279
218A0180;34;49;446400;0;0;0;0;0;0;0;0;0;0;0;0;50;3
218A0180;35;45;450000;185;185;38792;42242;17;40;155;-4030;0;-61;0;-742;0;183;247;14302
218A0180;36;49;450000;0;0;0;0;0;0;0;0;0;0;0;0;50;3
218A0180;37;45;453600;176;176;37975;42242;17;40;141;-4030;0;-60;0;-741;0;172;237;14358
218A0180;38;49;453600;0;0;0;0;0;0;0;0;0;0;0;0;50;3
218A0180;39;45;457200;163;162;38470;42246;17;40;126;-4029;0;-63;0;-741;0;160;223;14291
218A0180;3A;49;457200;0;0;0;0;0;0;0;0;0;0;0;0;50;3
218A0180;3B;45;460800;150;150;36723;42370;17;41;112;-4027;0;-63;0;-741;0;148;210;14345
218A0180;3C;49;460800;0;0;0;0;0;0;0;0;0;0;0;0;50;3
218A0180;3D;45;464400;138;138;36359;42370;17;41;100;-4027;0;-63;0;-742;0;136;199;14509
218A0180;3E;49;464400;0;0;0;0;0;0;0;0;0;0;0;0;50;3
218A0180;3F;45;468000;129;129;35672;42370;17;41;92;-4026;0;-63;0;-742;0;126;191;14259
218A0180;40;49;468000;1;1;5;8;11;12;2;2;2;1;1;1;50;3
218A0180;41;45;471600;124;122;36328;42438;17;41;89;-4026;0;-63;0;-742;0;122;187;14314
218A0180;42;49;471600;37;39;279;548;650;711;107;103;123;113;86;70;50;3
218A0180;43;45;475200;120;120;36403;42498;17;41;90;-4026;0;-64;0;-742;0;118;184;14273
218A0180;44;49;475200;153;161;1268;2396;2904;3089;401;420;550;535;347;276;50;3
218A0180;45;45;478800;123;125;39110;42427;17;42;102;-4026;0;-63;0;-742;0;123;188;14270
218A0180;46;49;478800;273;294;2139;4036;4715;4886;651;767;964;1007;616;462;50;3
218A0180;47;45;482400;135;135;41828;42370;17;42;126;-4028;0;-61;0;-743;0;135;198;14298
218A0180;48;49;482400;365;312;2633;4578;5389;5141;807;856;1243;1184;799;502;50;3
218A0180;49;45;486000;150;150;41020;42370;17;43;148;-4031;0;-63;0;-740;0;152;209;14564
218A0180;4A;49;486000;457;340;2671;4702;6215;5921;1042;965;1317;1215;1047;669;50;3
218A0180;4B;45;489600;167;167;41368;42358;17;42;168;-4031;0;-63;0;-743;0;169;221;14517
218A0180;4C;49;489600;701;563;2928;4800;6607;6086;1524;1475;1739;1614;1548;1302;50;3
218A0180;4D;45;493200;177;177;41097;42364;17;42;174;-4032;0;-61;0;-740;0;178;229;14477
218A0180;4E;49;493200;952;531;3750;5564;8143;7368;1776;1544;2311;1909;2035;1776;50;3
218A0180;4F;45;496800;187;188;41267;42308;17;41;182;-4032;0;-64;0;-740;0;189;235;14465
218A0180;50;49;496800;1632;1254;5434;8165;11169;11024;3488;3461;3793;3856;3207;4439;50;3
218A0180;51;45;500400;199;197;41141;42244;17;42;195;-4033;0;-64;0;-742;0;201;246;14367
218A0180;52;49;500400;1460;823;4427;6971;9086;8897;2619;2362;3048;2829;2922;2540;50;3
218A0180;53;45;504000;205;203;41036;42328;17;41;194;-4033;0;-61;0;-741;0;204;254;14340
218A0180;54;49;504000;1827;847;3113;4823;6495;6144;3106;2379;2901;2640;3797;2619;50;3
218A0180;55;45;507600;211;210;40759;42292;17;41;202;-4034;0;-62;0;-738;0;212;262;14365
218A0180;56;49;507600;1109;531;2888;4819;6563;6140;1868;1515;2023;1809;2332;1303;50;3
218A0180;57;45;511200;218;221;40481;42345;17;41;207;-4034;0;-61;0;-742;0;217;273;14334
218A0180;58;49;511200;900;534;2584;3986;5251;4999;1508;1398;2074;1609;1783;1029;50;3
218A0180;59;45;514800;221;220;40306;42369;17;41;210;-4034;0;-62;0;-745;0;221;275;14321
218A0180;5A;49;514800;420;229;1827;2860;3809;3543;804;707;1161;937;885;471;50;3
218A0180;5B;45;518400;221;221;40115;42370;17;40;207;-4034;0;-61;0;-740;0;221;280;14293
218A0180;5C;49;518400;204;132;912;1657;2363;2289;502;427;553;485;445;285;50;3
218A0180;5D;45;522000;218;219;40508;42370;17;40;199;-4034;0;-58;0;-742;0;216;280;14296
218A0180;5E;49;522000;115;75;493;851;1121;1090;294;251;327;268;249;159;50;3
218A0180;5F;45;525600;208;207;40803;42376;17;41;183;-4032;0;-61;0;-741;0;206;271;14334
218A0180;60;49;525600;55;43;243;419;534;535;147;138;159;138;117;90;50;3
218A0180;61;45;529200;196;196;41081;42498;17;41;167;-4032;0;-62;0;-740;0;193;258;14344
218A0180;62;49;529200;5;5;27;45;56;53;18;16;15;13;11;11;50;3
218A0180;63;45;532800;182;182;41113;42498;17;41;150;-4030;0;-63;0;-741;0;180;247;14286
218A0180;64;49;532800;0;0;0;0;0;0;0;0;0;0;0;0;50;3
218A0180;65;45;536400;173;173;41841;42573;17;41;141;-4029;0;-62;0;-741;0;170;237;14220
218A0180;66;49;536400;0;0;0;0;0;0;0;0;0;0;0;0;50;3
218A0180;67;45;540000;166;166;42146;42626;17;41;136;-4029;0;-61;0;-742;0;164;228;14077
218A0180;68;49;540000;0;0;0;0;0;0;0;0;0;0;0;0;50;3
218A0180;69;45;543600;159;159;42092;42626;17;41;131;-4029;0;-62;0;-741;0;157;224;14167
218A0180;6A;49;543600;0;0;0;0;0;0;0;0;0;0;0;0;50;3
218A0180;6B;45;547200;151;150;42060;42626;17;41;123;-4028;0;-63;0;-742;0;149;213;14049
218A0180;6C;49;547200;0;0;0;0;0;0;0;0;0;0;0;0;50;3
218A0180;6D;45;550800;144;144;42482;42645;17;41;117;-4028;0;-63;0;-741;0;142;206;13988
218A0180;6E;49;550800;0;0;0;0;0;0;0;0;0;0;0;0;50;3
218A0180;6F;45;554400;138;137;42478;42754;17;41;111;-4027;0;-63;0;-741;0;136;201;14013
218A0180;70;49;554400;0;0;3;5;6;6;1;1;1;1;1;1;50;3
218A0180;71;45;558000;132;131;42097;42754;17;42;105;-4027;0;-64;0;-742;0;129;194;14280
218A0180;72;49;558000;28;26;118;198;254;245;76;73;73;67;59;53;50;3
218A0180;73;45;561600;129;129;42097;42754;17;42;106;-4027;0;-63;0;-742;0;128;195;14185
218A0180;74;49;561600;140;124;477;802;1019;986;300;316;330;324;281;269;50;3
218A0180;75;45;565200;130;130;41832;42754;17;42;112;-4027;0;-63;0;-742;0;129;195;14138
218A0180;76;49;565200;77;56;200;359;454;449;160;156;162;158;153;137;50;3
218A0180;77;45;568800;135;137;41389;42754;17;43;120;-4028;0;-61;0;-743;0;139;203;14121
218A0180;78;49;568800;598;484;2186;3831;4733;4607;1131;1214;1394;1397;1205;1061;50;3
218A0180;79;45;572400;149;150;41694;42754;17;43;146;-4030;0;-61;0;-742;0;150;213;14308
218A0180;7A;49;572400;496;399;1380;2359;2967;2860;959;1036;1065;1099;963;895;50;3
218A0180;7B;45;576000;164;165;40997;42738;17;43;166;-4031;0;-62;0;-740;0;166;221;14596
218A0180;7C;49;576000;796;719;2767;4703;6221;5974;1772;1870;1875;1927;1600;1891;50;3
218A0180;7D;45;579600;182;182;40403;42626;17;42;191;-4033;0;-63;0;-741;0;183;234;14562
218A0180;7E;49;579600;1435;930;4427;6980;9651;9090;2679;2530;3145;2848;2875;2680;50;3
218A0180;7F;45;583200;191;191;40518;42626;17;42;197;-4034;0;-62;0;-738;0;190;243;14518
218A0180;80;49;583200;578;387;1295;2281;2952;2938;1092;1039;1091;1089;1115;1069;50;3
218A0180;81;45;586800;194;195;40314;42743;17;42;190;-4035;0;-58;0;-733;0;198;248;14512
218A0180;82;49;586800;1705;909;3743;6199;8197;8162;3404;2711;2937;2855;3464;3501;50;3
218A0180;83;45;590400;209;208;39255;42626;17;42;215;-4035;0;-61;0;-739;0;209;261;14399
218A0180;84;49;590400;1824;905;3694;6035;7946;7610;3083;2485;3137;2831;3822;2467;50;3
218A0180;85;45;594000;221;220;39194;42626;17;42;219;-4037;0;-61;0;-732;0;222;272;14354
218A0180;86;49;594000;1113;554;2629;4526;6114;5829;1935;1593;1952;1794;2277;1477;50;3
218A0180;87;45;597600;229;232;38760;42627;17;42;226;-4036;0;-61;0;-739;0;226;281;14339
218A0180;88;49;597600;485;233;1071;1817;2342;2293;958;756;931;795;994;708;50;3
218A0180;89;45;601200;225;225;38694;42735;17;42;218;-4035;0;-62;0;-739;0;225;280;14284
218A0180;8A;49;601200;625;406;2202;3679;4832;4657;1224;1145;1486;1335;1276;990;50;3
218A0180;8B;45;604800;227;227;38923;42754;17;42;218;-4036;0;-63;0;-736;0;226;285;14279
218A0180;8C;49;604800;220;141;893;1653;2219;2216;550;461;582;511;476;364;50;3
218A0180;8D;45;608400;225;225;39164;42754;17;42;215;-4035;0;-62;0;-739;0;224;287;14273
218A0180;8E;49;608400;82;49;284;490;597;574;229;191;227;191;168;117;50;3
218A0180;8F;45;612000;218;217;39150;42754;17;42;200;-4035;0;-61;0;-737;0;216;283;14332
218A0180;90;49;612000;77;62;221;384;511;518;175;162;162;155;154;167;50;3
218A0180;91;45;615600;212;213;39866;42872;17;42;194;-4033;0;-62;0;-740;0;211;279;14342
218A0180;92;49;615600;5;5;25;43;54;52;19;16;16;13;11;10;50;3
218A0180;93;45;619200;207;207;39516;42882;17;42;188;-4033;0;-62;0;-740;0;205;273;14338
218A0180;94;49;619200;0;0;0;0;1;0;0;0;0;0;0;0;50;3
218A0180;95;45;622800;204;205;39374;42882;17;42;187;-4033;0;-63;0;-739;0;203;271;14309
218A0180;96;49;622800;0;0;0;0;0;0;0;0;0;0;0;0;50;3
218A0180;97;45;626400;201;201;39602;42882;17;42;185;-4033;0;-62;0;-738;0;200;267;14341
218A0180;98;49;626400;0;0;0;0;0;0;0;0;0;0;0;0;50;3
218A0180;99;45;630000;195;196;39213;42924;17;42;177;-4032;0;-61;0;-740;0;194;262;14295
218A0180;9A;49;630000;0;0;0;0;0;0;0;0;0;0;0;0;50;3
218A0180;9B;45;633600;186;186;40374;43010;17;42;166;-4031;0;-63;0;-741;0;184;252;14292
218A0180;9C;49;633600;0;0;0;0;0;0;0;0;0;0;0;0;50;3
218A0180;9D;45;637200;180;180;40459;43010;17;43;159;-4031;0;-62;0;-741;0;179;246;14224
218A0180;9E;49;637200;0;0;0;0;0;0;0;0;0;0;0;0;50;3
218A0180;9F;45;640800;176;175;40049;43010;17;42;157;-4031;0;-62;0;-741;0;174;242;14226
218A0180;A0;49;640800;1;0;2;3;3;3;1;1;1;1;1;1;50;3
218A0180;A1;45;644400;170;169;40629;43013;17;43;151;-4030;0;-63;0;-741;0;167;234;14186
218A0180;A2;49;644400;19;16;96;168;202;193;58;53;58;51;40;33;50;3
218A0180;A3;45;648000;161;162;39937;43138;17;43;141;-4030;0;-63;0;-741;0;160;228;14081
218A0180;A4;49;648000;45;34;219;392;463;442;135;123;140;126;96;70;50;3
218A0180;A5;45;651600;158;160;39674;43138;17;43;142;-4030;0;-64;0;-740;0;158;227;13746
218A0180;A6;49;651600;214;227;1583;3161;3706;3899;545;617;746;775;495;385;50;3
218A0180;A7;45;655200;170;172;38934;43093;17;44;170;-4031;0;-64;0;-740;0;173;234;13771
218A0180;A8;49;655200;415;398;2540;4649;5595;5452;942;1032;1289;1295;877;737;50;3
218A0180;A9;45;658800;180;182;38185;43012;17;44;181;-4032;0;-62;0;-739;0;183;241;13907
218A0180;AA;49;658800;478;410;2581;4765;6277;6065;1106;1085;1331;1283;1060;849;50;3
218A0180;AB;45;662400;194;194;37244;43010;17;43;200;-4034;0;-62;0;-739;0;196;250;14172
218A0180;AC;49;662400;552;481;2714;4727;6577;6085;1310;1256;1491;1380;1253;990;50;3
218A0180;AD;45;666000;205;207;37054;43010;17;43;211;-4035;0;-61;0;-739;0;208;259;14265
218A0180;AE;49;666000;799;426;3195;4956;7342;6807;1679;1320;1948;1577;1744;1973;50;3
218A0180;AF;45;669600;217;217;36915;43010;17;43;223;-4035;0;-62;0;-739;0;218;269;14239
218A0180;B0;49;669600;2519;2251;5801;8629;12383;12402;6745;6622;5767;6294;5164;8173;50;3
218A0180;B1;45;673200;228;227;37116;43010;17;43;234;-4037;0;-62;0;-738;0;228;277;14192
218A0180;B2;49;673200;801;455;2860;4795;6217;6178;1694;1459;1863;1704;1636;1584;50;3
218A0180;B3;45;676800;233;231;37535;43010;17;42;231;-4036;0;-62;0;-740;0;234;284;14170
218A0180;B4;49;676800;1693;797;4373;6877;9234;8528;3371;2426;3577;2997;3643;2095;50;3
218A0180;B5;45;680400;239;237;37037;43010;17;42;237;-4037;0;-61;0;-735;0;239;289;14161
218A0180;B6;49;680400;1062;544;2985;5202;7129;6692;1907;1559;2087;1859;2172;1176;50;3
218A0180;B7;45;684000;239;238;37734;43015;17;42;235;-4037;0;-61;0;-738;0;236;287;14123
218A0180;B8;49;684000;651;343;2087;3511;4655;4486;1209;1010;1488;1192;1405;776;50;3
218A0180;B9;45;684000;233;231;37297;43138;17;42;224;-4035;0;-61;0;-740;0;233;289;14111
218A0180;BA;49;684000;469;259;2019;3292;4475;4224;922;782;1247;1021;995;685;50;3
218A0180;BB;45;691200;232;231;37592;43138;17;42;224;-4035;0;-61;0;-739;0;231;290;14129
218A0180;BC;49;691200;231;183;1030;2030;2955;2929;588;535;603;581;504;388;50;3
218A0180;BD;45;694800;227;226;37525;43138;17;42;217;-4035;0;-62;0;-739;0;225;291;14085
218A0180;BE;49;694800;90;65;355;661;869;869;224;203;240;213;192;140;50;3
218A0180;BF;45;698400;223;223;37505;43144;17;42;211;-4035;0;-62;0;-739;0;222;289;14087
218A0180;C0;49;698400;85;68;311;575;747;775;199;186;206;188;177;168;50;3
218A0180;C1;45;702000;216;215;37458;43266;17;42;202;-4034;0;-62;0;-739;0;214;282;14037
218A0180;C2;49;702000;8;7;36;60;82;80;25;21;21;18;16;16;50;3
218A0180;C3;45;705600;208;208;37618;43266;17;42;192;-4033;0;-63;0;-740;0;207;276;14014
218A0180;C4;49;705600;0;0;0;0;1;0;0;0;0;0;0;0;50;3
218A0180;C5;45;709200;202;201;37666;43269;17;42;187;-4032;0;-63;0;-742;0;202;267;13940
218A0180;C6;49;709200;0;0;0;0;0;0;0;0;0;0;0;0;50;3
218A0180;C7;45;712800;193;194;37753;43393;17;42;177;-4032;0;-63;0;-741;0;191;261;13798
218A0180;C8;49;712800;0;0;0;0;0;0;0;0;0;0;0;0;50;3
218A0180;C9;45;716400;184;185;36676;43394;17;43;167;-4032;0;-63;0;-740;0;182;251;13752
218A0180;CA;49;716400;0;0;0;0;0;0;0;0;0;0;0;0;50;3
218A0180;CB;45;720000;175;174;36704;43394;17;43;157;-4031;0;-64;0;-741;0;173;241;13817
218A0180;CC;49;720000;0;0;0;0;0;0;0;0;0;0;0;0;50;3
218A0180;CD;45;723600;168;169;37154;43504;17;43;153;-4030;0;-64;0;-741;0;167;236;13706
218A0180;CE;49;723600;0;0;0;0;0;0;0;0;0;0;0;0;50;3
218A0180;CF;45;727200;162;163;37116;43522;17;44;148;-4030;0;-64;0;-741;0;161;229;13600
218A0180;D0;49;727200;1;1;2;4;5;4;2;2;1;1;1;1;50;3
218A0180;D1;45;730800;160;160;36519;43522;17;44;148;-4030;0;-64;0;-741;0;158;225;13587
218A0180;D2;49;730800;18;16;66;121;152;152;55;49;46;42;37;37;50;3
218A0180;D3;45;734400;160;161;36558;43522;17;44;151;-4030;0;-62;0;-741;0;160;230;13593
218A0180;D4;49;734400;36;30;107;200;258;259;83;80;81;79;73;72;50;3
218A0180;D5;45;738000;160;160;36511;43522;17;44;154;-4030;0;-63;0;-741;0;159;230;13500
218A0180;D6;49;738000;196;148;592;1075;1372;1355;413;391;425;416;398;378;50;3
218A0180;D7;45;741600;165;166;37392;43522;17;45;165;-4031;0;-63;0;-741;0;166;235;13530
218A0180;D8;49;741600;361;303;1534;2863;3532;3464;796;805;929;920;753;644;50;3
218A0180;D9;45;745200;176;177;37239;43522;17;45;185;-4033;0;-63;0;-740;0;178;240;13635
218A0180;DA;49;745200;385;332;2084;4056;5259;5139;972;938;1099;1078;861;684;50;3
218A0180;DB;45;748800;188;189;37746;43522;17;45;198;-4033;0;-57;0;-744;0;187;249;13776
218A0180;DC;49;748800;549;513;2301;4160;5699;5377;1325;1333;1410;1366;1210;1121;50;3
218A0180;DD;45;752400;202;202;37907;43516;17;44;216;-4034;0;-67;0;-743;0;204;261;13898
218A0180;DE;49;752400;745;358;3167;5103;7388;6696;1485;1162;1928;1494;1650;1053;50;3
218A0180;DF;45;756000;207;207;37521;43522;17;44;214;-4035;0;-62;0;-740;0;205;261;13860
218A0180;E0;49;756000;970;815;1929;3293;4480;4568;2108;2038;1880;1991;1817;2522;50;3
218A0180;E1;45;759600;196;193;36311;43522;17;45;188;-4033;0;-60;0;-741;0;191;252;13535
218A0180;E2;49;759600;1210;1179;2053;3633;4520;4535;2509;2940;2056;2630;2147;2712;50;3
218A0180;E3;45;763200;187;185;35802;43649;17;45;177;-4030;0;-60;0;-753;0;185;243;13360
218A0180;E4;49;763200;555;617;927;1618;1918;1982;1133;1546;1034;1327;910;1023;50;3
218A0180;E5;45;766800;180;178;34969;43650;17;46;167;-4031;0;-61;0;-741;0;177;245;13178
218A0180;E6;49;766800;269;303;654;1214;1439;1464;619;765;603;676;516;508;50;3
218A0180;E7;45;770400;170;170;34644;43651;17;46;157;-4031;0;-62;0;-743;0;171;231;13027
218A0180;E8;49;770400;326;282;645;1134;1377;1396;526;647;676;604;675;423;50;3
218A0180;E9;45;774000;176;176;35290;43650;17;47;169;-4031;0;-62;0;-743;0;175;244;13001
218A0180;EA;49;774000;1141;1075;1916;3337;4161;4137;1724;2191;2099;1967;2285;1587;50;3
218A0180;EB;45;777600;176;177;35296;43652;17;47;171;-4031;0;-61;0;-746;0;176;243;13109
218A0180;EC;49;777600;618;494;1310;2235;2805;2748;1042;1203;1294;1166;1225;926;50;3
218A0180;ED;45;781200;177;175;35296;43753;17;47;170;-4031;0;-62;0;-745;0;176;243;13105
218A0180;EE;49;781200;210;153;591;1023;1286;1259;407;422;492;425;431;294;50;3
218A0180;EF;45;784800;171;170;34798;43778;17;47;165;-4030;0;-62;0;-748;0;171;239;13074
218A0180;F0;49;784800;102;87;354;639;822;839;221;227;253;232;213;168;50;3
218A0180;F1;45;788400;172;170;35170;43778;17;47;169;-4031;0;-64;0;-745;0;171;238;13168
218A0180;F2;49;788400;8;10;36;73;93;108;24;24;22;21;16;17;50;3
218A0180;F3;45;792000;166;165;33980;43778;17;47;162;-4031;0;-62;0;-742;0;166;229;13146
218A0180;F4;49;792000;1;0;1;1;1;1;0;0;1;0;0;0;50;3
218A0180;F5;45;795600;158;155;33230;43796;17;47;149;-4030;0;-64;0;-744;0;156;220;13034
218A0180;F6;49;795600;1;0;0;0;1;0;0;0;1;0;0;0;50;3
218A0180;F7;45;799200;149;147;32942;43906;17;47;139;-4028;0;-58;0;-753;0;147;212;12943
218A0180;F8;49;799200;1;0;0;0;1;0;0;0;1;0;0;0;50;3
218A0180;F9;45;802800;142;140;32825;43906;17;47;132;-4026;0;-57;0;-756;0;138;205;12719
218A0180;FA;49;802800;1;0;0;0;1;0;0;0;1;0;0;0;50;3
218A0180;FB;45;806400;133;131;32518;43907;17;47;122;-4027;0;-69;0;-748;0;130;198;12606
218A0180;FC;49;806400;1;0;0;0;1;0;0;0;1;0;0;0;50;3
218A0180;FD;45;810000;123;122;32988;44034;17;47;112;-4026;0;-57;0;-749;0;121;186;12596
218A0180;FE;49;810000;1;0;0;0;1;0;0;0;1;0;0;0;50;3
218A0180;FF;45;813600;116;116;32555;44034;17;47;109;-4025;0;-62;0;-757;0;115;182;12634
218A0180;100;49;813600;1;1;3;4;6;6;2;2;2;1;1;1;50;3
218A0180;101;45;817200;110;107;32423;44034;17;47;103;-4026;0;-63;0;-748;0;107;177;12875
218A0180;102;49;817200;13;13;38;71;90;91;32;34;29;28;24;25;50;3
218A0180;103;45;820800;104;102;32685;44035;17;47;98;-4026;0;-49;0;-748;0;103;169;12827
218A0180;104;49;820800;66;75;169;303;385;384;145;176;140;155;115;129;50;3
218A0180;105;45;824400;98;97;32753;44156;17;48;94;-4026;0;-61;0;-742;0;98;164;12767
218A0180;106;49;824400;222;206;603;1044;1339;1300;430;494;464;484;406;392;50;3
218A0180;107;45;828000;94;94;32164;44162;17;48;93;-4026;0;-54;0;-742;0;92;158;12783
218A0180;108;49;828000;387;377;988;1693;2150;2071;733;884;796;862;691;672;50;3
218A0180;109;45;831600;93;93;31298;44162;17;48;97;-4026;0;-61;0;-743;0;97;163;12846
218A0180;10A;49;831600;577;483;1392;2381;3064;2938;1034;1155;1099;1166;1055;973;50;3
218A0180;10B;45;835200;99;99;30675;44162;17;48;106;-4026;0;-58;0;-746;0;101;165;13110
218A0180;10C;49;835200;884;906;2180;3740;4748;4596;1698;2083;1718;1991;1592;1742;50;3
218A0180;10D;45;838800;103;103;30584;44162;17;48;110;-4026;0;-56;0;-751;0;103;168;13147
218A0180;10E;49;838800;661;527;1778;3075;3945;3761;1147;1269;1323;1347;1223;1015;50;3
218A0180;10F;45;842400;107;108;30390;44162;17;48;118;-4029;0;-63;0;-738;0;110;171;13287
218A0180;110;49;842400;1094;903;2375;3995;5107;4867;1915;2152;1996;2160;1959;1815;50;3
218A0180;111;45;846000;114;114;31017;44162;17;47;127;-4028;0;-62;0;-745;0;117;176;13479
218A0180;112;49;846000;1300;996;3485;5915;7700;7580;2488;2520;2467;2604;2489;2578;50;3
218A0180;113;45;849600;123;123;32309;44162;17;47;136;-4029;0;-59;0;-742;0;127;184;13669
218A0180;114;49;849600;3506;1573;5142;7833;11065;9440;8269;4953;6530;5896;8400;4737;50;3
218A0180;115;45;853200;133;134;33380;44162;17;47;147;-4031;0;-61;0;-736;0;135;195;13891
218A0180;116;49;853200;764;411;2730;4865;6788;6325;1440;1211;1606;1471;1609;859;50;3
218A0180;117;45;856800;142;143;33671;44162;17;47;152;-4031;0;-56;0;-738;0;144;211;13858
218A0180;118;49;856800;1983;1309;3200;4442;5775;5441;4621;4635;6205;4814;5979;3918;50;3
218A0180;119;45;860400;146;143;33914;44162;17;47;156;-4031;0;-61;0;-740;0;144;208;13815
218A0180;11A;49;860400;382;199;1720;2791;3833;3532;700;599;981;796;770;393;50;3
218A0180;11B;45;864000;146;144;33632;44162;17;46;156;-4032;0;-65;0;-737;0;146;207;13763
218A0180;11C;49;864000;207;138;931;1844;2775;2712;494;418;507;474;446;295;50;3
218A0180;11D;45;867600;144;142;33609;44162;17;47;150;-4030;0;-63;0;-741;0;144;211;13656
218A0180;11E;49;867600;96;62;423;790;1053;1037;252;215;265;222;205;125;50;3
218A0180;11F;45;871200;139;137;32651;44172;17;46;142;-4030;0;-63;0;-741;0;139;208;13646
218A0180;120;49;871200;35;23;134;244;300;298;102;90;98;83;71;50;50;3
218A0180;121;45;874800;131;130;32071;44290;17;47;131;-4029;0;-64;0;-741;0;131;199;13522
218A0180;122;49;874800;8;7;39;69;87;87;25;22;22;19;16;15;50;3
218A0180;123;45;878400;124;123;32014;44290;17;47;123;-4028;0;-64;0;-741;0;125;195;13447
218A0180;124;49;878400;1;0;1;1;1;1;0;0;1;0;0;1;50;3
218A0180;125;45;882000;120;120;31477;44290;17;47;121;-4028;0;-64;0;-741;0;120;190;13448
218A0180;126;49;882000;1;0;0;0;1;0;0;0;1;0;0;0;50;3
218A0180;127;45;885600;116;116;31716;44290;17;47;118;-4028;0;-65;0;-741;0;117;188;13444
218A0180;128;49;885600;1;0;0;0;1;0;0;0;1;0;0;0;50;3
218A0180;129;45;889200;116;116;32423;44305;17;47;121;-4028;0;-64;0;-740;0;117;190;13481
218A0180;12A;49;889200;1;0;0;0;1;0;0;0;1;0;0;0;50;3
218A0180;12B;45;892800;120;119;33029;44293;17;47;129;-4029;0;-61;0;-741;0;121;192;13540
218A0180;12C;49;892800;1;0;0;0;1;0;0;0;1;0;0;0;50;3
218A0180;12D;45;896400;124;124;33369;44291;17;47;137;-4030;0;-63;0;-740;0;127;198;13607
218A0180;12E;49;896400;1;0;0;0;1;0;0;0;1;0;0;0;50;3
218A0180;12F;45;900000;125;124;33705;44395;17;47;135;-4029;0;-63;0;-740;0;127;195;13726
218A0180;130;49;900000;1;1;5;8;10;9;3;3;2;2;2;2;50;3
218A0180;131;45;903600;122;121;34405;44418;17;47;131;-4029;0;-64;0;-741;0;124;194;13703
218A0180;132;49;903600;25;26;90;171;226;236;53;55;54;52;49;50;50;3
218A0180;133;45;907200;119;118;33790;44418;17;47;126;-4029;0;-60;0;-739;0;122;191;13729
218A0180;134;49;907200;65;54;179;317;403;392;143;145;136;137;120;114;50;3
218A0180;135;45;910800;119;119;34363;44418;17;47;128;-4030;0;-61;0;-736;0;120;188;13725
218A0180;136;49;910800;218;188;642;1153;1482;1461;448;472;457;472;410;418;50;3
218A0180;137;45;914400;122;122;34480;44418;17;47;134;-4030;0;-58;0;-739;0;127;191;13852
218A0180;138;49;914400;404;375;2560;4772;5656;5526;894;977;1252;1234;845;658;50;3
218A0180;139;45;918000;133;132;35058;44418;17;47;151;-4031;0;-60;0;-739;0;133;195;13873
218A0180;13A;49;918000;548;485;2205;4002;5125;5003;1157;1234;1342;1333;1096;1061;50;3
218A0180;13B;45;921600;138;138;35123;44418;17;47;155;-4031;0;-59;0;-738;0;141;202;13846
218A0180;13C;49;921600;956;1038;3066;5350;7205;6930;2092;2442;2160;2286;1916;2205;50;3
218A0180;13D;45;925200;148;148;36744;44418;17;47;167;-4032;0;-61;0;-739;0;148;209;13778
218A0180;13E;49;925200;1002;798;2410;4144;5634;5586;2053;2023;1818;1940;1862;2387;50;3
218A0180;13F;45;928800;153;152;37424;44418;17;47;172;-4033;0;-62;0;-736;0;157;215;13709
218A0180;140;49;928800;1057;847;2393;4216;5550;5589;2039;2094;1889;2041;1936;2339;50;3
218A0180;141;45;932400;158;158;37604;44418;17;47;175;-4033;0;-64;0;-735;0;161;220;13676
218A0180;142;49;932400;1021;747;2148;3798;4963;4967;1877;1848;1753;1845;1874;1953;50;3
218A0180;143;45;936000;155;154;36529;44418;17;47;164;-4031;0;-62;0;-740;0;158;223;13448
218A0180;144;49;936000;543;455;1322;2440;3086;3093;1016;1083;1022;1092;1005;966;50;3
218A0180;145;45;939600;159;159;37280;44418;17;47;174;-4032;0;-61;0;-738;0;160;225;13478
218A0180;146;49;939600;384;295;925;1731;2219;2234;751;758;722;743;720;750;50;3
218A0180;147;45;943200;164;164;38312;44418;17;47;180;-4032;0;-63;0;-740;0;167;230;13585
218A0180;148;49;943200;580;403;1290;2332;2992;2962;1035;1010;1030;1023;1088;954;50;3
218A0180;149;45;946800;169;168;38183;44418;17;47;184;-4035;0;-62;0;-731;0;171;234;13574
218A0180;14A;49;946800;464;354;997;1796;2319;2306;868;875;828;857;848;826;50;3
218A0180;14B;45;950400;171;170;38537;44418;17;47;184;-4033;0;-63;0;-737;0;172;238;13507
218A0180;14C;49;950400;147;113;427;823;1031;1039;274;283;301;296;280;240;50;3
218A0180;14D;45;954000;172;171;37920;44420;17;47;184;-4033;0;-62;0;-738;0;174;238;13481
218A0180;14E;49;954000;87;73;190;358;456;472;185;185;162;167;159;183;50;3
218A0180;14F;45;957600;168;168;38403;44535;17;47;177;-4035;0;-66;0;-723;0;169;237;13327
218A0180;150;49;957600;56;41;119;212;277;283;131;117;105;99;102;106;50;3
218A0180;151;45;961200;165;165;37738;44546;17;47;174;-4032;0;-64;0;-739;0;167;236;13278
218A0180;152;49;961200;5;4;10;17;21;19;17;14;10;9;8;8;50;3
218A0180;153;45;964800;163;162;37541;44546;17;48;170;-4032;0;-64;0;-737;0;163;232;13276
218A0180;154;49;964800;1;0;1;1;1;1;1;1;1;1;1;1;50;3
218A0180;155;45;968400;158;159;37961;44546;17;48;165;-4031;0;-64;0;-739;0;159;228;13210
218A0180;156;49;968400;1;0;1;1;1;1;0;1;1;0;1;1;50;3
218A0180;157;45;972000;156;156;38738;44546;17;48;163;-4031;0;-64;0;-738;0;157;227;13179
218A0180;158;49;972000;1;0;1;1;1;1;0;1;1;0;1;1;50;3
218A0180;159;45;975600;155;155;38056;44568;17;48;162;-4032;0;-63;0;-737;0;157;225;13188
218A0180;15A;49;975600;1;0;1;1;1;1;0;1;1;0;1;1;50;3
218A0180;15B;45;979200;150;150;37045;44673;17;49;158;-4031;0;-62;0;-740;0;152;221;13080
218A0180;15C;49;979200;1;0;1;1;1;1;0;1;1;0;1;1;50;3
218A0180;15D;45;982800;143;142;36161;44674;17;49;148;-4030;0;-63;0;-740;0;144;215;12865
218A0180;15E;49;982800;1;0;1;1;1;1;0;1;1;0;1;1;50;3
218A0180;15F;45;986400;140;140;35812;44674;17;49;145;-4030;0;-63;0;-741;0;142;211;12777
218A0180;160;49;986400;1;1;2;4;5;4;2;2;2;1;1;2;50;3
218A0180;161;45;990000;137;136;36172;44674;17;49;144;-4030;0;-64;0;-742;0;138;209;12764
218A0180;162;49;990000;16;13;56;102;121;116;56;49;43;38;32;26;50;3
218A0180;163;45;993600;133;135;36077;44677;17;50;142;-4029;0;-65;0;-742;0;137;208;12638
218A0180;164;49;993600;256;260;1169;2438;2992;3279;504;557;605;626;512;480;50;3
218A0180;165;45;997200;138;136;36727;44675;17;50;149;-4030;0;-64;0;-741;0;140;210;12795
218A0180;166;49;997200;138;106;331;643;829;841;267;266;254;260;258;249;50;3
218A0180;167;45;1000800;139;139;36614;44678;17;50;152;-4030;0;-65;0;-741;0;141;213;12868
218A0180;168;49;1000800;483;385;1177;2155;2787;2762;916;944;893;932;901;885;50;3
218A0180;169;45;1004400;142;143;37055;44687;17;50;157;-4031;0;-65;0;-743;0;144;216;13002
218A0180;16A;49;1004400;568;452;1422;2564;3294;3243;1112;1140;1074;1124;1057;1080;50;3
218A0180;16B;45;1008000;147;147;36590;44682;17;51;164;-4031;0;-66;0;-744;0;151;216;13206
218A0180;16C;49;1008000;1178;1504;3056;5169;6895;6679;2596;3371;2722;2836;2370;2746;50;3
218A0180;16D;45;1011600;156;156;36326;44674;17;50;178;-4032;0;-65;0;-740;0;160;224;13374
218A0180;16E;49;1011600;625;315;2630;4285;6183;5542;1261;1037;1499;1237;1282;857;50;3
218A0180;16F;45;1015200;167;166;36363;44674;17;50;190;-4033;0;-63;0;-741;0;174;230;13407
218A0180;170;49;1015200;1223;767;4378;7095;9831;9710;2465;2214;2612;2569;2312;2740;50;3
218A0180;171;45;1018800;176;176;36351;44674;17;50;202;-4033;0;-64;0;-741;0;180;237;13386
218A0180;172;49;1018800;1480;928;3499;6054;8236;7988;3575;2892;2899;2994;3211;3169;50;3
218A0180;173;45;1022400;180;181;36385;44674;17;49;201;-4034;0;-60;0;-738;0;187;244;13380
218A0180;174;49;1022400;3978;1708;5116;7776;11276;9648;8834;5227;7015;6136;9187;5300;50;3
218A0180;175;45;1026000;189;188;36059;44674;17;49;208;-4036;0;-62;0;-735;0;192;253;13297
218A0180;176;49;1026000;787;430;2921;5247;7394;7009;1608;1311;1692;1552;1643;1112;50;3
218A0180;177;45;1029600;188;186;35907;44674;17;49;203;-4034;0;-64;0;-740;0;189;253;13056
218A0180;178;49;1029600;874;488;1878;3266;4352;4267;1455;1285;1505;1364;1717;1201;50;3
218A0180;179;45;1033200;188;188;35614;44684;17;49;202;-4034;0;-65;0;-740;0;192;255;13170
218A0180;17A;49;1033200;654;317;2319;3904;5331;5039;1096;918;1429;1171;1309;691;50;3
218A0180;17B;45;1036800;192;189;35536;44708;17;49;204;-4034;0;-64;0;-740;0;193;257;13048
218A0180;17C;49;1036800;446;287;1265;2340;3314;3283;807;747;873;814;868;630;50;3
218A0180;17D;45;1040400;187;186;35726;44802;17;49;199;-4034;0;-63;0;-738;0;190;258;12988
218A0180;17E;49;1040400;128;77;495;946;1266;1270;311;256;318;266;272;174;50;3
218A0180;17F;45;1044000;181;179;35877;44802;17;49;189;-4033;0;-64;0;-740;0;181;251;12868
218A0180;180;49;1044000;51;35;203;385;489;501;140;122;139;118;106;74;50;3
218A0180;181;45;1047600;172;172;35365;44803;17;48;179;-4032;0;-64;0;-740;0;174;245;12700
218A0180;182;49;1047600;11;9;48;87;107;106;31;28;28;24;22;19;50;3
218A0180;183;45;1051200;161;161;34178;44930;17;48;163;-4031;0;-65;0;-740;0;162;234;12452
218A0180;184;49;1051200;1;1;1;1;2;1;1;1;1;1;1;1;50;3
218A0180;185;45;1054800;150;150;33662;44930;17;49;152;-4030;0;-65;0;-740;0;150;223;12320
218A0180;186;49;1054800;1;1;1;1;1;1;1;1;1;1;1;1;50;3
218A0180;187;45;1058400;143;142;33209;44930;17;49;145;-4030;0;-65;0;-740;0;143;214;12052
218A0180;188;49;1058400;1;1;1;1;1;1;1;1;1;1;1;1;50;3
218A0180;189;45;1062000;137;135;33185;44941;17;49;141;-4030;0;-65;0;-741;0;140;206;12054
218A0180;18A;49;1062000;1;1;1;1;1;1;1;1;1;1;1;1;50;3
218A0180;18B;45;1065600;134;133;33200;45040;17;49;142;-4029;0;-66;0;-741;0;133;207;12010
218A0180;18C;49;1065600;1;1;1;1;1;1;1;1;1;1;1;1;50;3
218A0180;18D;45;1069200;127;126;33228;45058;17;49;133;-4029;0;-64;0;-741;0;129;198;12219
218A0180;18E;49;1069200;1;1;1;1;1;1;1;1;1;1;1;1;50;3
218A0180;18F;45;1072800;121;121;32536;45058;17;49;131;-4029;0;-64;0;-740;0;122;194;12350
218A0180;190;49;1072800;2;2;6;9;12;11;4;3;3;2;2;2;50;3
218A0180;191;45;1076400;117;117;32759;45058;17;49;127;-4028;0;-65;0;-741;0;118;189;12419
218A0180;192;49;1076400;39;38;207;402;494;521;95;94;102;97;80;71;50;3
218A0180;193;45;1080000;114;114;33018;45058;17;49;126;-4029;0;-64;0;-739;0;117;186;12404
218A0180;194;49;1080000;139;162;1181;2462;2959;3248;368;397;489;489;310;247;50;3
218A0180;195;45;1083600;115;114;32472;45058;17;50;131;-4029;0;-64;0;-739;0;116;184;12512
218A0180;196;49;1083600;224;247;1781;3770;4392;4673;553;627;751;794;498;366;50;3
218A0180;197;45;1087200;121;120;33275;45058;17;50;146;-4030;0;-65;0;-740;0;124;191;12621
218A0180;198;49;1087200;298;271;2251;4261;4968;4801;708;757;1038;1024;671;438;50;3
218A0180;199;45;1090800;130;129;34205;45058;17;50;157;-4031;0;-65;0;-739;0;130;195;12823
218A0180;19A;49;1090800;394;352;1476;2705;3508;3393;866;902;910;926;785;769;50;3
218A0180;19B;45;1094400;135;136;34258;45058;17;50;160;-4031;0;-67;0;-740;0;139;203;12930
218A0180;19C;49;1094400;549;515;1900;3385;4681;4408;1253;1353;1283;1278;1166;1126;50;3
218A0180;19D;45;1098000;142;142;34837;45058;17;49;168;-4032;0;-65;0;-740;0;147;205;13120
218A0180;19E;49;1098000;1093;813;3007;4998;6890;6545;2025;2009;2110;2045;2014;1980;50;3
218A0180;19F;45;1101600;151;150;35705;45058;17;49;175;-4034;0;-65;0;-732;0;151;210;13255
218A0180;1A0;49;1101600;644;452;1479;2622;3485;3476;1189;1158;1159;1142;1182;1248;50;3
218A0180;1A1;45;1105200;158;157;36057;45058;17;49;184;-4035;1;-74;1;-723;1;161;218;13338
218A0180;1A2;49;1105200;1581;1093;3546;6003;8495;7956;4157;3254;3109;3222;3358;3756;50;3
218A0180;1A3;45;1108800;164;166;36470;45058;17;49;189;-4033;0;-64;0;-738;0;168;226;13268
218A0180;1A4;49;1108800;1699;832;2693;4354;5970;5628;3223;2336;2729;2474;3521;2488;50;3
218A0180;1A5;45;1112400;176;174;36204;45058;17;49;200;-4036;0;-63;0;-729;0;175;233;13197
218A0180;1A6;49;1112400;1051;515;2326;3979;5300;5035;1704;1411;1830;1572;2004;1085;50;3
218A0180;1A7;45;1116000;177;174;36170;45058;17;49;199;-4034;0;-65;0;-735;0;176;236;12961
218A0180;1A8;49;1116000;662;411;1425;2388;3145;3111;1004;912;1137;978;1145;847;50;3
218A0180;1A9;45;1119600;178;177;36785;45058;17;49;199;-4036;0;-67;0;-725;0;180;241;13049
218A0180;1AA;49;1119600;543;266;1712;2730;3651;3412;907;764;1156;944;1030;542;50;3
218A0180;1AB;45;1123200;178;177;36530;45058;17;49;197;-4034;0;-63;0;-739;0;180;244;12982
218A0180;1AC;49;1123200;388;228;1182;2321;3462;3447;746;626;747;692;771;513;50;3
218A0180;1AD;45;1126800;175;174;36270;45061;17;49;191;-4034;0;-66;0;-738;0;174;242;12752
218A0180;1AE;49;1126800;123;77;419;785;1010;1012;295;247;293;251;248;162;50;3
218A0180;1AF;45;1130400;169;168;36280;45184;17;49;183;-4033;0;-63;0;-737;0;170;241;12727
218A0180;1B0;49;1130400;43;26;132;253;299;303;126;103;113;93;86;56;50;3
218A0180;1B1;45;1134000;165;163;36854;45186;17;49;178;-4032;0;-63;0;-740;0;166;236;12687
218A0180;1B2;49;1134000;9;6;30;51;59;52;28;24;23;19;17;13;50;3
218A0180;1B3;45;1137600;158;157;36753;45186;17;49;168;-4032;0;-64;0;-740;0;159;227;12551
218A0180;1B4;49;1137600;1;1;1;1;1;1;1;1;1;1;1;1;50;3
218A0180;1B5;45;1141200;154;153;36859;45186;17;49;166;-4031;0;-63;0;-740;0;155;227;12515
218A0180;1B6;49;1141200;1;1;1;1;1;1;1;1;1;1;1;1;50;3
218A0180;1B7;45;1144800;154;154;36119;45186;17;49;172;-4032;0;-64;0;-740;0;155;229;12665
218A0180;1B8;49;1144800;1;1;1;1;1;1;1;1;1;1;1;1;50;3
218A0180;1B9;45;1148400;153;152;36395;45205;17;49;170;-4032;0;-63;0;-739;0;154;226;12696
218A0180;1BA;49;1148400;1;1;1;1;1;1;1;1;1;1;1;1;50;3
218A0180;1BB;45;1152000;152;151;35958;45273;17;49;169;-4032;0;-63;0;-738;0;154;222;12759
218A0180;1BC;49;1152000;1;1;1;1;1;1;1;1;1;1;1;1;50;3
218A0180;1BD;45;1155600;148;147;35407;45314;17;50;164;-4031;0;-64;0;-739;0;148;217;12656
218A0180;1BE;49;1155600;1;1;1;1;1;1;1;1;1;1;1;1;50;3
218A0180;1BF;45;1159200;141;140;35310;45314;17;50;155;-4031;0;-63;0;-740;0;141;214;12527
218A0180;1C0;49;1159200;2;1;7;12;14;13;4;4;4;3;3;2;50;3
218A0180;1C1;45;1162800;137;137;34891;45314;17;50;152;-4030;0;-64;0;-741;0;138;211;12444
218A0180;1C2;49;1162800;34;34;193;409;476;537;94;89;96;91;72;59;50;3
218A0180;1C3;45;1166400;138;139;35942;45314;17;50;158;-4031;0;-64;0;-739;0;141;209;12555
218A0180;1C4;49;1166400;129;144;967;2082;2523;2844;342;359;427;426;285;230;50;3
218A0180;1C5;45;1170000;140;140;36592;45315;17;51;161;-4031;0;-64;0;-741;0;142;212;12574
218A0180;1C6;49;1170000;281;230;957;1828;2321;2341;545;564;615;608;552;485;50;3
218A0180;1C7;45;1173600;147;146;36850;45314;17;51;174;-4032;0;-64;0;-740;0;151;218;12983
218A0180;1C8;49;1173600;306;277;2077;4103;4805;4725;763;817;1038;1040;715;510;50;3
218A0180;1C9;45;1177200;160;158;37650;45314;17;50;194;-4033;0;-63;0;-740;0;162;229;13219
218A0180;1CA;49;1177200;326;275;1975;3929;5196;5073;837;784;940;908;735;510;50;3
218A0180;1CB;45;1180800;175;174;39173;45313;17;50;209;-4034;0;-65;0;-739;0;178;240;13214
218A0180;1CC;49;1180800;889;1107;2659;4632;6472;6160;2000;2515;2101;2158;1836;2009;50;3
218A0180;1CD;45;1184400;186;185;40960;45267;17;50;221;-4036;0;-72;0;-736;0;191;249;13174
218A0180;1CE;49;1184400;775;374;3227;5245;7832;7087;1497;1210;1830;1472;1581;1012;50;3
218A0180;1CF;45;1188000;203;203;44539;45186;17;50;242;-4039;0;-71;0;-727;0;206;259;13173
218A0180;1D0;49;1188000;1663;1161;4574;7656;10367;10488;3417;3229;3240;3375;3019;3804;50;3
218A0180;1D1;45;1191600;211;209;45292;45187;17;50;245;-4037;0;-62;0;-738;0;211;267;12820
218A0180;1D2;49;1191600;1132;749;2799;4933;6884;6644;3482;2641;2491;2588;2664;3054;50;3
218A0180;1D3;45;1195200;220;219;46109;45186;17;49;253;-4038;0;-63;0;-735;0;221;277;12892
218A0180;1D4;49;1195200;2731;1219;4106;6492;9169;8244;5397;3486;4639;4045;5853;3468;50;3
218A0180;1D5;45;1198800;224;221;46372;45194;17;49;250;-4038;0;-63;0;-736;0;223;277;12643
218A0180;1D6;49;1198800;959;468;2199;3971;5435;5188;1710;1371;1678;1523;1879;1045;50;3
218A0180;1D7;45;1202400;228;226;46230;45192;17;49;258;-4039;0;-62;0;-737;0;226;282;12619
218A0180;1D8;49;1202400;814;437;1472;2534;3321;3279;1372;1169;1430;1225;1589;1014;50;3
218A0180;1D9;45;1206000;225;224;44882;45314;17;49;245;-4038;0;-58;0;-733;0;223;283;12498
218A0180;1DA;49;1206000;406;186;1064;1882;2451;2373;721;577;791;661;816;415;50;3
218A0180;1DB;45;1209600;224;223;45414;45314;17;49;244;-4037;0;-62;0;-737;0;223;285;12396
218A0180;1DC;49;1209600;258;158;892;1774;2530;2557;565;476;585;523;532;352;50;3
218A0180;1DD;45;1213200;221;219;45799;45314;17;49;237;-4036;0;-63;0;-739;0;219;285;12326
218A0180;1DE;49;1213200;155;107;459;817;1043;1033;319;298;340;307;301;223;50;3
218A0180;1DF;45;1216800;216;215;44928;45322;17;49;232;-4036;0;-63;0;-739;0;216;286;12337
218A0180;1E0;49;1216800;83;62;234;426;564;569;168;158;167;156;162;136;50;3
218A0180;1E1;45;1220400;209;208;43640;45441;17;49;222;-4035;0;-64;0;-740;0;207;274;12002
218A0180;1E2;49;1220400;11;10;48;84;112;112;29;27;27;24;21;19;50;3
218A0180;1E3;45;1224000;198;198;42256;45442;17;49;208;-4034;0;-63;0;-740;0;198;269;11732
218A0180;1E4;49;1224000;1;1;1;1;1;1;1;1;1;1;1;1;50;3
218A0180;1E5;45;1227600;193;193;41910;45443;17;50;205;-4034;0;-63;0;-740;0;193;264;11743
218A0180;1E6;49;1227600;1;1;1;1;1;1;1;1;1;1;1;1;50;3
218A0180;1E7;45;1231200;192;192;43320;45444;17;50;209;-4035;0;-65;0;-738;0;193;264;11827
218A0180;1E8;49;1231200;1;1;1;1;1;1;1;1;1;1;1;1;50;3
218A0180;1E9;45;1234800;189;189;42799;45549;17;50;205;-4034;0;-63;0;-740;0;188;260;11866
218A0180;1EA;49;1234800;1;1;1;1;1;1;1;1;1;1;1;1;50;3
218A0180;1EB;45;1238400;186;186;42999;45570;17;50;203;-4034;0;-64;0;-740;0;186;256;11920
218A0180;1EC;49;1238400;1;1;1;1;1;1;1;1;1;1;1;1;50;3
218A0180;1ED;45;1242000;180;179;42771;45570;17;50;197;-4033;0;-64;0;-740;0;179;251;11871
218A0180;1EE;49;1242000;1;1;1;1;1;1;1;1;1;1;1;1;50;3
218A0180;1EF;45;1245600;175;176;41883;45570;17;50;191;-4033;0;-64;0;-740;0;175;245;11806
218A0180;1F0;49;1245600;3;2;7;13;15;13;6;5;4;4;3;3;50;3
218A0180;1F1;45;1249200;169;169;41137;45580;17;50;184;-4032;0;-64;0;-741;0;168;239;11731
218A0180;1F2;49;1249200;55;58;377;826;889;1024;133;134;159;157;115;92;50;3
218A0180;1F3;45;1252800;166;169;41551;45633;17;51;186;-4033;0;-64;0;-740;0;167;239;11697
218A0180;1F4;49;1252800;164;177;1072;2349;2843;3194;403;424;495;496;352;287;50;3
218A0180;1F5;45;1256400;172;171;43549;45578;17;51;196;-4033;0;-63;0;-740;0;172;240;11808
218A0180;1F6;49;1256400;262;262;1589;3324;4004;4228;612;664;781;788;577;449;50;3
218A0180;1F7;45;1260000;180;179;44706;45570;17;51;212;-4035;0;-61;0;-738;0;181;245;12176
218A0180;1F8;49;1260000;313;287;2053;4107;4829;4792;730;765;969;972;668;461;50;3
218A0180;1F9;45;1263600;187;188;44753;45570;17;51;220;-4035;0;-65;0;-739;0;190;252;12656
218A0180;1FA;49;1263600;351;292;1932;3869;5138;5057;885;826;971;930;773;565;50;3
218A0180;1FB;45;1267200;201;200;44455;45570;17;51;235;-4037;0;-66;0;-736;0;201;259;12569
218A0180;1FC;49;1267200;505;360;2299;4242;6041;5611;1210;1038;1235;1127;1095;779;50;3
218A0180;1FD;45;1270800;209;207;44354;45570;17;50;240;-4037;0;-64;0;-738;0;208;264;12432
218A0180;1FE;49;1270800;982;611;3304;5376;7739;7291;1951;1692;2062;1827;1865;1758;50;3
218A0180;1FF;45;1274400;219;218;43383;45570;17;50;252;-4038;0;-65;0;-736;0;218;274;12468
218A0180;200;49;1274400;1026;803;3331;5747;7700;8028;2246;2140;2182;2215;1894;2742;50;3
218A0180;201;45;1278000;229;228;42691;45569;17;50;263;-4039;0;-62;0;-734;0;229;280;12409
218A0180;202;49;1278000;1395;922;4204;7576;9791;9921;2845;2570;2768;2692;2616;2206;50;3
218A0180;203;45;1281600;237;235;42443;45570;17;50;265;-4041;1;-59;1;-728;1;238;289;12447
218A0180;204;49;1281600;3827;1688;4944;7381;10439;9258;3121725;4600;6578;5421;21809730;4472;50;3
218A0180;205;45;1285200;243;240;42302;45570;17;49;272;-4039;0;-64;0;-736;0;242;296;12301
218A0180;206;49;1285200;1472;666;2324;3851;5146;4979;2275;1844;2606;2104;3022;1659;50;3
218A0180;207;45;1288800;241;240;42576;45570;17;49;265;-4040;0;-60;0;-732;0;238;291;12182
218A0180;208;49;1288800;601;332;1465;2561;3361;3362;1044;892;1160;966;1150;721;50;3
218A0180;209;45;1292400;236;234;42227;45572;17;49;260;-4039;1;-60;1;-734;1;237;293;12204
218A0180;20A;49;1292400;383;206;1318;2298;3077;3019;729;610;881;727;750;414;50;3
218A0180;20B;45;1296000;235;234;42189;45624;17;49;256;-4038;0;-67;0;-735;0;235;294;12206
218A0180;20C;49;1296000;336;202;1058;2060;2975;3010;678;567;713;618;669;432;50;3
218A0180;20D;45;1299600;234;232;41989;45693;17;49;257;-4039;0;-62;0;-735;0;232;296;11881
218A0180;20E;49;1299600;125;80;414;794;1036;1065;309;257;302;253;251;166;50;3
218A0180;20F;45;1303200;228;227;41946;45698;17;49;247;-4037;0;-61;0;-738;0;226;293;11829
218A0180;210;49;1303200;56;39;192;354;454;465;136;119;134;115;112;82;50;3
218A0180;211;45;1306800;218;217;42071;45728;17;49;233;-4036;0;-64;0;-739;0;215;285;11585
218A0180;212;49;1306800;6;5;25;42;51;47;20;17;16;14;12;11;50;3
218A0180;213;45;1310400;208;207;41647;45825;17;49;222;-4036;0;-66;0;-738;0;206;277;11390
218A0180;214;49;1310400;0;0;0;0;1;0;0;0;0;0;0;0;50;3
218A0180;215;45;1314000;203;203;41812;45826;17;49;219;-4035;0;-64;0;-738;0;202;274;11400
218A0180;216;49;1314000;0;0;0;0;0;0;0;0;0;0;0;0;50;3
218A0180;217;45;1317600;198;198;41556;45826;17;49;216;-4035;0;-63;0;-738;0;197;270;11404
218A0180;218;49;1317600;0;0;0;0;0;0;0;0;0;0;0;0;50;3
218A0180;219;45;1321200;194;195;41118;45835;17;49;213;-4035;0;-63;0;-737;0;193;265;11386
218A0180;21A;49;1321200;0;0;0;0;0;0;0;0;0;0;0;0;50;3
218A0180;21B;45;1324800;192;192;42365;45871;17;49;212;-4035;0;-62;0;-737;0;191;263;11368
218A0180;21C;49;1324800;0;0;0;0;0;0;0;0;0;0;0;0;50;3
218A0180;21D;45;1328400;187;187;41836;45948;17;49;209;-4034;0;-65;0;-739;0;184;257;11344
218A0180;21E;49;1328400;0;0;0;0;0;0;0;0;0;0;0;0;50;3
218A0180;21F;45;1332000;182;182;41581;45954;17;50;202;-4034;0;-64;0;-738;0;180;251;11344
218A0180;220;49;1332000;2;2;9;16;19;17;8;7;6;5;4;4;50;3
218A0180;221;45;1335600;175;175;41064;45954;17;50;195;-4034;0;-64;0;-740;0;174;246;11362
218A0180;222;49;1335600;38;34;171;327;406;415;98;93;99;91;77;64;50;3
218A0180;223;45;1339200;172;173;41363;45966;17;50;193;-4034;0;-64;0;-737;0;172;243;11328
218A0180;224;49;1339200;67;57;303;619;742;770;182;171;185;173;139;105;50;3
218A0180;225;45;1342800;176;175;41261;45955;17;50;205;-4034;0;-64;0;-739;0;175;246;11420
218A0180;226;49;1342800;171;131;478;916;1165;1187;325;320;343;331;325;270;50;3
218A0180;227;45;1346400;173;172;41235;46011;17;51;200;-4034;0;-64;0;-740;0;172;242;11456
218A0180;228;49;1346400;188;174;1016;2058;2451;2457;493;517;585;579;435;343;50;3
218A0180;229;45;1350000;182;182;40632;45956;17;51;216;-4035;0;-63;0;-739;0;185;248;12017
218A0180;22A;49;1350000;423;374;2190;4271;5717;5657;1036;986;1136;1088;913;823;50;3
218A0180;22B;45;1353600;192;191;40450;45954;17;51;230;-4036;0;-65;0;-739;0;193;253;12169
218A0180;22C;49;1353600;519;348;1742;3167;4371;4165;1076;946;1086;1005;1064;848;50;3
218A0180;22D;45;1357200;204;204;40990;45954;17;50;244;-4037;0;-64;0;-738;0;203;258;12337
218A0180;22E;49;1357200;1154;934;2183;3867;5150;5283;2190;2206;1913;2036;2016;2477;50;3
218A0180;22F;45;1360800;212;211;40898;45954;17;50;252;-4038;0;-64;0;-736;0;213;266;12356
218A0180;230;49;1360800;1724;1142;4460;7543;10205;10473;3353;3085;3264;3256;3218;3881;50;3
218A0180;231;45;1364400;219;217;40926;45954;17;50;257;-4037;0;-63;0;-741;0;217;270;11956
218A0180;232;49;1364400;1070;700;1739;3085;4047;4053;1785;1652;1622;1607;1891;1580;50;3
218A0180;233;45;1368000;217;216;40667;45955;17;50;249;-4037;0;-64;0;-737;0;219;272;12209
218A0180;234;49;1368000;2028;875;3895;6146;8352;7856;3411;2397;3677;2931;4214;2105;50;3
218A0180;235;45;1371600;227;225;40965;45954;17;50;261;-4039;0;-65;0;-734;0;227;279;12045
218A0180;236;49;1371600;2313;1020;2665;4044;5290;4978;3255;2529;3782;2925;4422;2191;50;3
218A0180;237;45;1375200;216;213;41028;46081;17;50;239;-4037;0;-70;0;-735;0;211;269;11429
218A0180;238;49;1375200;519;340;824;1481;1908;1908;821;773;800;768;903;702;50;3
218A0180;239;45;1378800;200;197;39832;46100;17;50;214;-4035;0;-64;0;-737;0;196;257;11101
218A0180;23A;49;1378800;41;30;121;251;287;304;74;75;87;80;75;62;50;3
218A0180;23B;45;1382400;179;176;40545;46210;17;52;188;-4032;0;-66;0;-742;0;178;246;10854
218A0180;23C;49;1382400;180;155;414;814;960;1036;300;343;353;325;328;264;50;3
218A0180;23D;45;1386000;173;172;41011;46210;17;52;188;-4033;0;-65;0;-743;0;172;242;10846
218A0180;23E;49;1386000;115;93;308;631;748;803;174;206;237;209;200;155;50;3
218A0180;23F;45;1389600;167;166;40744;46218;17;52;184;-4032;0;-63;0;-741;0;165;232;10813
218A0180;240;49;1389600;100;136;381;721;905;954;221;274;246;261;183;220;50;3
218A0180;241;45;1393200;159;159;40896;46294;17;53;179;-4032;0;-63;0;-741;0;157;226;10867
218A0180;242;49;1393200;9;9;40;76;97;105;24;22;22;19;18;15;50;3
218A0180;243;45;1396800;151;150;41205;46338;17;53;170;-4032;0;-65;0;-741;0;148;219;10775
218A0180;244;49;1396800;0;0;0;1;1;0;0;0;0;0;0;0;50;3
218A0180;245;45;1400400;145;145;41113;46338;17;53;168;-4031;0;-65;0;-742;0;142;211;11044
218A0180;246;49;1400400;0;0;0;0;0;0;0;0;0;0;0;0;50;3
218A0180;247;45;1404000;137;136;41471;46356;17;54;160;-4030;0;-64;0;-745;0;135;206;11079
218A0180;248;49;1404000;0;0;0;0;0;0;0;0;0;0;0;0;50;3
218A0180;249;45;1407600;133;133;41238;46422;17;53;160;-4030;0;-65;0;-747;0;131;200;11139
218A0180;24A;49;1407600;0;0;0;0;0;0;0;0;0;0;0;0;50;3
218A0180;24B;45;1411200;130;130;40289;46466;17;54;158;-4030;0;-61;0;-744;0;128;200;11155
218A0180;24C;49;1411200;0;0;0;0;0;0;0;0;0;0;0;0;50;3
218A0180;24D;45;1414800;126;126;40664;46466;17;54;157;-4030;0;-65;0;-744;0;125;196;11181
218A0180;24E;49;1414800;0;0;0;0;1;0;0;0;0;0;0;0;50;3
218A0180;24F;45;1418400;124;123;40792;46466;17;54;155;-4030;0;-63;0;-743;0;123;194;11240
218A0180;250;49;1418400;3;3;12;25;35;41;6;5;6;5;5;5;50;3
218A0180;251;45;1422000;121;121;40699;46466;17;54;154;-4030;0;-55;0;-746;0;120;192;11260
218A0180;252;49;1422000;11;10;28;58;72;76;22;22;22;20;19;17;50;3
218A0180;253;45;1425600;119;119;40988;46495;17;54;153;-4029;0;-48;0;-750;0;118;187;11285
218A0180;254;49;1425600;142;118;339;651;817;833;242;259;259;255;243;222;50;3
218A0180;255;45;1429200;120;120;40518;46531;17;54;156;-4028;0;-59;0;-754;0;118;191;11283
218A0180;256;49;1429200;184;160;407;785;965;984;334;361;338;346;307;288;50;3
218A0180;257;45;1432800;121;121;41043;46575;17;54;160;-4030;0;-61;0;-747;0;121;193;11359
218A0180;258;49;1432800;374;301;863;1638;2057;2057;620;676;675;681;631;577;50;3
218A0180;259;45;1436400;125;125;40479;46592;17;55;165;-4031;0;-64;0;-743;0;125;195;11535
218A0180;25A;49;1436400;378;273;868;1671;2104;2102;630;647;677;661;648;583;50;3
218A0180;25B;45;1440000;123;121;41008;46594;17;55;158;-4030;0;-62;0;-746;0;122;190;11249
218A0180;25C;49;1440000;409;356;767;1579;1900;2005;723;912;767;824;736;712;50;3
218A0180;25D;45;1443600;128;129;41228;46594;17;55;166;-4030;0;-53;0;-749;0;127;200;11262
218A0180;25E;49;1443600;540;440;1053;2044;2484;2539;922;1113;1020;1077;1015;837;50;3
218A0180;25F;45;1447200;132;133;40575;46594;17;55;172;-4031;0;-60;0;-743;0;132;204;11338
218A0180;260;49;1447200;706;479;1460;2828;3560;3611;1182;1186;1238;1225;1301;1125;50;3
218A0180;261;45;1450800;140;140;41525;46594;17;55;183;-4032;0;-63;0;-742;0;141;208;11792
218A0180;262;49;1450800;1065;637;2077;3916;5105;5077;1728;1591;1703;1680;2013;1615;50;3
218A0180;263;45;1454400;150;149;41132;46593;17;55;194;-4033;0;-63;0;-743;0;150;217;11782
218A0180;264;49;1454400;1621;778;2578;4571;6009;5857;2494;2033;2431;2193;3094;2035;50;3
218A0180;265;45;1458000;162;160;41171;46568;17;55;208;-4034;0;-63;0;-742;0;161;225;11741
218A0180;266;49;1458000;976;398;1483;2688;3487;3414;1395;1106;1415;1177;1786;1030;50;3
218A0180;267;45;1461600;165;163;41412;46593;17;55;208;-4033;0;-65;0;-743;0;163;228;11599
218A0180;268;49;1461600;607;330;1280;2357;3088;3064;997;884;1069;952;1163;814;50;3
218A0180;269;45;1465200;168;167;41827;46594;17;55;210;-4034;0;-63;0;-741;0;167;234;11616
218A0180;26A;49;1465200;431;202;1472;2601;3600;3460;757;618;978;799;861;449;50;3
218A0180;26B;45;1468800;168;167;41022;46594;17;55;208;-4034;0;-64;0;-742;0;168;236;11484
218A0180;26C;49;1468800;241;129;778;1566;2252;2292;497;402;543;451;493;293;50;3
218A0180;26D;45;1472400;166;165;41089;46600;17;55;203;-4034;0;-64;0;-742;0;165;234;11033
218A0180;26E;49;1472400;100;61;369;731;926;954;238;203;268;217;205;125;50;3
218A0180;26F;45;1476000;164;163;40893;46661;17;55;199;-4033;0;-63;0;-742;0;162;233;10985
218A0180;270;49;1476000;52;38;223;453;558;603;128;115;146;122;109;75;50;3
218A0180;271;45;1479600;158;157;41099;46722;17;55;192;-4033;0;-64;0;-741;0;156;227;10933
218A0180;272;49;1479600;7;6;28;54;66;70;20;18;18;15;14;13;50;3
218A0180;273;45;1483200;152;152;41322;46722;17;55;185;-4032;0;-64;0;-742;0;151;222;10846
218A0180;274;49;1483200;0;0;0;0;1;0;0;0;0;0;0;0;50;3
218A0180;275;45;1486800;145;145;41021;46795;17;55;176;-4032;0;-64;0;-742;0;143;213;10738
218A0180;276;49;1486800;0;0;0;0;0;0;0;0;0;0;0;0;50;3
218A0180;277;45;1490400;137;137;40525;46850;17;56;168;-4031;0;-65;0;-742;0;134;208;10677
218A0180;278;49;1490400;0;0;0;0;0;0;0;0;0;0;0;0;50;3
218A0180;279;45;1494000;130;131;40948;46850;17;56;163;-4030;0;-65;0;-743;0;128;201;10656
218A0180;27A;49;1494000;0;0;0;0;0;0;0;0;0;0;0;0;50;3
218A0180;27B;45;1497600;125;125;40771;46890;17;56;158;-4030;0;-65;0;-742;0;123;195;10594
218A0180;27C;49;1497600;0;0;0;0;0;0;0;0;0;0;0;0;50;3
218A0180;27D;45;1501200;119;119;40352;46977;17;56;154;-4030;0;-65;0;-743;0;117;188;10636
218A0180;27E;49;1501200;0;0;0;1;1;0;0;0;0;0;0;0;50;3
218A0180;27F;45;1504800;111;111;41086;46978;17;56;146;-4029;0;-65;0;-743;0;108;181;10635
218A0180;280;49;1504800;5;5;31;63;73;75;16;15;15;14;11;10;50;3
218A0180;281;45;1508400;103;103;40748;47002;17;56;138;-4029;0;-65;0;-743;0;101;174;10623
218A0180;282;49;1508400;92;100;805;1708;1721;1905;216;237;326;320;199;142;50;3
218A0180;283;45;1512000;101;102;40918;47058;17;56;141;-4029;0;-65;0;-743;0;100;173;10638
218A0180;284;49;1512000;138;158;1049;2278;2814;3107;366;401;471;487;306;252;50;3
218A0180;285;45;1515600;108;108;40489;46983;17;57;156;-4030;0;-65;0;-743;0;108;178;10762
218A0180;286;49;1515600;264;278;1964;3949;4763;4955;665;750;917;929;626;474;50;3
218A0180;287;45;1519200;114;114;40264;46982;17;56;164;-4031;0;-65;0;-742;0;114;180;11010
218A0180;288;49;1519200;273;268;1918;3757;4542;4480;745;821;994;989;706;512;50;3
218A0180;289;45;1522800;126;126;40631;46978;17;56;182;-4032;0;-65;0;-741;0;126;191;11921
218A0180;28A;49;1522800;345;287;2020;3846;5329;5132;845;772;982;919;773;557;50;3
218A0180;28B;45;1526400;135;135;40601;46978;17;55;190;-4033;0;-64;0;-742;0;135;195;11962
218A0180;28C;49;1526400;540;405;2155;3907;5556;5272;1171;1067;1253;1182;1127;1062;50;3
218A0180;28D;45;1530000;143;142;41039;46978;17;55;197;-4033;0;-64;0;-741;0;143;202;11890
218A0180;28E;49;1530000;864;670;2878;4883;6877;6625;1704;1689;1880;1827;1684;1878;50;3
218A0180;28F;45;1533600;149;148;40588;46978;17;55;200;-4033;0;-66;0;-741;0;148;208;11772
218A0180;290;49;1533600;1033;814;3600;6338;8620;8872;2274;2211;2323;2414;1998;2940;50;3
218A0180;291;45;1537200;153;152;41190;46979;17;55;201;-4033;0;-65;0;-742;0;153;212;11625
218A0180;292;49;1537200;1419;801;3244;5686;7733;7672;2537;2147;2484;2324;2653;2356;50;3
218A0180;293;45;1540800;159;158;41700;46986;17;55;206;-4033;0;-63;0;-747;0;157;215;11369
218A0180;294;49;1540800;992;481;2068;3469;4675;4494;1667;1323;1789;1508;2037;1230;50;3
218A0180;295;45;1544400;162;162;41414;47046;17;55;207;-4033;0;-64;0;-744;0;162;221;11452
218A0180;296;49;1544400;977;541;1949;3485;4696;4593;1519;1319;1580;1428;1790;1143;50;3
218A0180;297;45;1548000;163;162;41678;47105;17;55;207;-4034;0;-63;0;-739;0;163;223;11314
218A0180;298;49;1548000;742;454;2267;3838;5154;5069;1233;1143;1614;1332;1437;939;50;3
218A0180;299;45;1551600;164;164;41371;47106;17;54;209;-4034;0;-69;0;-742;0;163;224;11349
218A0180;29A;49;1551600;378;254;1160;1990;2717;2599;706;672;853;755;740;534;50;3
218A0180;29B;45;1555200;160;160;41056;47110;17;54;202;-4033;0;-64;0;-744;0;161;226;11236
218A0180;29C;49;1555200;222;135;903;1715;2559;2535;497;402;548;463;474;321;50;3
218A0180;29D;45;1558800;159;158;41108;47197;17;54;201;-4034;0;-64;0;-741;0;156;225;10825
218A0180;29E;49;1558800;141;88;506;930;1289;1297;305;257;333;277;285;216;50;3
218A0180;29F;45;1562400;151;151;41135;47234;17;54;190;-4033;0;-65;0;-741;0;150;221;10584
218A0180;2A0;49;1562400;38;25;152;287;374;388;107;90;107;87;78;58;50;3
218A0180;2A1;45;1566000;140;140;40699;47357;17;54;177;-4032;0;-65;0;-741;0;137;208;10820
218A0180;2A2;49;1566000;5;4;25;43;53;49;17;15;15;12;11;10;50;3
218A0180;2A3;45;1569600;126;126;41055;47369;17;54;161;-4031;0;-66;0;-741;0;122;196;10895
218A0180;2A4;49;1569600;0;0;0;1;1;0;0;0;0;0;0;0;50;3
218A0180;2A5;45;1573200;112;113;41243;47490;17;54;148;-4030;0;-66;0;-742;0;109;183;11052
218A0180;2A6;49;1573200;0;0;0;0;0;0;0;0;0;0;0;0;50;3
218A0180;2A7;45;1576800;101;101;40927;47364;17;54;139;-4029;0;-66;0;-741;0;98;173;11165
218A0180;2A8;49;1576800;0;0;0;0;0;0;0;0;0;0;0;0;50;3
218A0180;2A9;45;1580400;93;93;40147;47487;17;54;134;-4029;0;-66;0;-742;0;91;165;11252
218A0180;2AA;49;1580400;0;0;0;0;0;0;0;0;0;0;0;0;50;3
218A0180;2AB;45;1584000;87;87;39452;47490;17;54;131;-4028;0;-66;0;-742;0;84;159;11339
218A0180;2AC;49;1584000;0;0;0;0;0;0;0;0;0;0;0;0;50;3
218A0180;2AD;45;1587600;80;80;39910;47522;17;54;125;-4028;0;-67;0;-742;0;78;150;11204
218A0180;2AE;49;1587600;0;0;0;1;1;1;0;0;0;0;0;0;50;3
218A0180;2AF;45;1591200;73;73;39062;47615;17;55;122;-4028;0;-66;0;-742;0;72;147;11258
218A0180;2B0;49;1591200;6;6;34;64;76;76;16;15;16;14;12;11;50;3
218A0180;2B1;45;1594800;70;71;39886;47618;17;55;120;-4027;0;-66;0;-742;0;68;144;10929
218A0180;2B2;49;1594800;93;100;855;1732;1770;1919;217;236;334;327;202;138;50;3
218A0180;2B3;45;1598400;75;76;40108;47618;17;56;133;-4028;0;-66;0;-742;0;77;154;11462
218A0180;2B4;49;1598400;185;198;1309;2831;3538;3926;464;494;586;603;407;343;50;3
218A0180;2B5;45;1602000;93;94;40879;47689;17;56;161;-4031;0;-64;0;-739;0;96;166;12186
218A0180;2B6;49;1602000;330;279;1403;2740;3444;3515;658;700;810;802;670;586;50;3
218A0180;2B7;45;1605600;107;107;41591;47627;17;56;177;-4032;0;-65;0;-739;0;109;176;12290
218A0180;2B8;49;1605600;456;371;1736;3274;4167;4136;970;971;1075;1061;921;903;50;3
218A0180;2B9;45;1609200;108;108;41466;47742;17;56;172;-4031;0;-64;0;-741;0;111;180;11988
218A0180;2BA;49;1609200;463;326;1070;1920;2583;2547;872;837;851;841;858;869;50;3
218A0180;2BB;45;1612800;127;127;41806;47618;17;55;197;-4034;0;-64;0;-737;0;129;192;12200
218A0180;2BC;49;1612800;465;310;2390;4292;6374;5813;1087;886;1203;1068;1070;683;50;3
218A0180;2BD;45;1616400;140;140;42176;47618;17;55;206;-4034;0;-60;0;-738;0;144;200;11650
218A0180;2BE;49;1616400;1168;611;4319;6700;9855;9158;2068;1730;2641;2186;2340;1733;50;3
218A0180;2BF;45;1620000;155;154;42078;47618;17;55;221;-4038;0;-51;0;-724;0;154;210;11550
218A0180;2C0;49;1620000;763;513;2018;3465;4703;4842;1607;1459;1493;1477;1460;1838;50;3
218A0180;2C1;45;1623600;163;163;42781;47618;17;55;226;-4037;0;-63;0;-729;0;164;219;11572
218A0180;2C2;49;1623600;948;549;3880;6828;8939;8808;1883;1615;2256;2039;1910;1265;50;3
218A0180;2C3;45;1627200;177;175;42902;47618;17;55;237;-4036;0;-61;0;-737;0;176;229;11454
218A0180;2C4;49;1627200;2088;835;3075;4725;6547;6087;3400;2294;3327;2669;4224;2219;50;3
218A0180;2C5;45;1630800;184;181;42995;47618;17;55;238;-4037;0;-60;0;-735;0;184;240;11383
218A0180;2C6;49;1630800;1887;977;3064;4864;6489;6204;2825;2304;3413;2676;3469;1887;50;3
218A0180;2C7;45;1634400;189;187;43730;47618;17;54;242;-4037;0;-56;0;-738;0;186;245;11490
218A0180;2C8;49;1634400;484;267;2082;3446;4626;4554;944;783;1345;995;1000;531;50;3
218A0180;2C9;45;1638000;180;178;43257;47695;17;54;228;-4035;0;-66;0;-739;0;177;238;10736
218A0180;2CA;49;1638000;311;170;1109;1872;2567;2437;602;506;781;635;627;346;50;3
218A0180;2CB;45;1641600;175;174;43558;47746;17;54;223;-4035;0;-64;0;-739;0;176;243;11291
218A0180;2CC;49;1641600;276;174;708;1239;1689;1694;554;469;566;485;522;473;50;3
218A0180;2CD;45;1645200;178;178;44130;47746;17;54;230;-4035;0;-66;0;-740;0;178;242;11285
218A0180;2CE;49;1645200;143;126;518;990;1289;1332;362;339;367;338;276;239;50;3
218A0180;2CF;45;1648800;168;166;44467;47776;17;54;212;-4034;0;-66;0;-738;0;166;238;10644
218A0180;2D0;49;1648800;20;11;48;85;97;90;74;55;54;43;40;28;50;3
218A0180;2D1;45;1652400;162;161;44899;47871;17;54;207;-4034;0;-65;0;-739;0;160;232;10508
218A0180;2D2;49;1652400;6;5;29;51;64;63;20;17;17;14;13;11;50;3
218A0180;2D3;45;1656000;155;154;44632;47874;17;54;199;-4034;0;-67;0;-738;0;153;226;10313
218A0180;2D4;49;1656000;1;0;1;1;1;1;0;0;1;0;0;0;50;3
218A0180;2D5;45;1659600;147;147;44202;47894;17;54;191;-4033;0;-64;0;-740;0;145;217;10363
218A0180;2D6;49;1659600;1;0;0;0;1;0;0;0;1;0;0;0;50;3
218A0180;2D7;45;1663200;141;141;43487;47973;17;54;186;-4033;0;-65;0;-740;0;139;212;10508
218A0180;2D8;49;1663200;1;0;0;0;1;0;0;0;1;0;0;0;50;3
218A0180;2D9;45;1666800;135;134;43706;48002;17;55;182;-4032;0;-66;0;-740;0;133;207;10524
218A0180;2DA;49;1666800;1;0;0;0;1;0;0;0;1;0;0;0;50;3
218A0180;2DB;45;1670400;126;126;43350;47874;17;55;172;-4032;0;-64;0;-740;0;123;194;10483
218A0180;2DC;49;1670400;1;0;0;0;1;0;0;0;1;0;0;0;50;3
218A0180;2DD;45;1674000;111;112;42220;47996;17;55;156;-4030;0;-66;0;-741;0;110;184;10438
218A0180;2DE;49;1674000;1;0;1;1;1;1;0;0;1;0;0;0;50;3
218A0180;2DF;45;1677600;103;103;42160;48002;17;55;149;-4030;0;-65;0;-742;0;102;175;10353
218A0180;2E0;49;1677600;6;7;37;68;86;87;18;17;17;15;12;12;50;3
218A0180;2E1;45;1681200;98;98;42599;48002;17;55;147;-4030;0;-65;0;-741;0;97;171;10259
218A0180;2E2;49;1681200;70;77;553;1158;1264;1412;180;187;232;228;153;118;50;3
218A0180;2E3;45;1684800;96;97;42973;48006;17;56;150;-4030;0;-67;0;-741;0;97;172;10577
218A0180;2E4;49;1684800;160;176;1100;2346;2946;3254;412;439;511;518;351;295;50;3
218A0180;2E5;45;1688400;103;103;45109;48002;17;56;166;-4031;0;-66;0;-738;0;105;177;11116
218A0180;2E6;49;1688400;263;278;1816;3654;4494;4690;732;827;982;982;719;589;50;3
218A0180;2E7;45;1692000;111;109;45223;48000;17;56;174;-4032;0;-67;0;-739;0;110;176;11042
218A0180;2E8;49;1692000;465;391;1514;2777;3647;3600;916;945;1016;1005;900;882;50;3
218A0180;2E9;45;1695600;113;115;46136;48001;17;56;179;-4032;0;-65;0;-742;0;115;177;11388
218A0180;2EA;49;1695600;416;378;2084;3905;5302;5132;991;968;1133;1080;891;765;50;3
218A0180;2EB;45;1699200;119;117;46125;48000;17;55;181;-4031;0;-64;0;-745;0;117;180;10981
218A0180;2EC;49;1699200;602;445;2202;3854;5463;5136;1272;1153;1363;1258;1212;1137;50;3
218A0180;2ED;45;1702800;116;115;45149;48002;17;55;174;-4032;0;-66;0;-741;0;116;179;10679
218A0180;2EE;49;1702800;1126;829;2876;4760;6656;6435;2163;2043;2160;2104;2084;2362;50;3
218A0180;2EF;45;1706400;114;113;45006;48002;17;55;173;-4031;0;-63;0;-743;0;115;175;10589
218A0180;2F0;49;1706400;1299;1174;2614;4441;6003;6196;2801;2812;2377;2678;2412;3796;50;3
218A0180;2F1;45;1710000;116;115;44844;48009;17;55;174;-4030;0;-72;0;-746;0;120;177;11765
218A0180;2F2;49;1710000;1227;634;3424;5737;7761;7501;2218;1793;2387;2101;2387;1772;50;3
218A0180;2F3;45;1713600;125;121;45204;48002;17;54;184;-4029;0;-64;0;-758;0;125;184;11565
218A0180;2F4;49;1713600;1736;694;2657;3966;5541;5018;3439;2310;3195;2632;4128;2134;50;3
218A0180;2F5;45;1717200;129;127;45089;48002;17;54;189;-4032;0;-92;0;-742;0;129;187;11550
218A0180;2F6;49;1717200;1214;637;2639;4384;5986;5700;1985;1645;2373;1934;2407;1286;50;3
218A0180;2F7;45;1720800;132;132;45177;48158;17;54;192;-4031;0;-56;0;-751;0;133;191;11542
218A0180;2F8;49;1720800;605;331;2133;3384;4652;4439;1004;877;1427;1104;1207;647;50;3
218A0180;2F9;45;1724400;132;130;45022;48042;17;54;191;-4033;0;-65;0;-740;0;132;193;11493
218A0180;2FA;49;1724400;471;238;1727;2686;3948;3561;853;715;1219;967;1049;540;50;3
218A0180;2FB;45;1728000;129;127;45093;48114;17;53;188;-4032;0;-63;0;-742;0;130;194;11309
218A0180;2FC;49;1728000;200;129;812;1464;2249;2179;454;380;502;428;416;268;50;3
218A0180;2FD;45;1731600;126;126;44934;48129;17;53;183;-4032;0;-60;0;-744;0;125;195;11102
218A0180;2FE;49;1731600;99;66;416;722;986;966;241;208;275;223;204;127;50;3
218A0180;2FF;45;1735200;121;119;45264;48130;17;53;177;-4032;0;-62;0;-741;0;120;189;10954
218A0180;300;49;1735200;43;30;188;323;427;420;110;96;123;100;89;61;50;3
218A0180;301;45;1738800;113;111;44411;48197;17;53;168;-4031;0;-64;0;-741;0;111;182;10798
218A0180;302;49;1738800;8;7;39;66;89;87;23;19;21;17;15;13;50;3
218A0180;303;45;1742400;97;95;43189;48258;17;53;148;-4030;0;-64;0;-741;0;95;168;10572
218A0180;304;49;1742400;1;0;1;1;1;1;1;1;1;1;1;1;50;3
218A0180;305;45;1746000;83;83;43105;48317;17;54;135;-4029;0;-65;0;-741;0;83;156;10404
218A0180;306;49;1746000;1;0;1;1;1;1;0;0;1;0;1;1;50;3
218A0180;307;45;1749600;73;73;42499;48385;17;54;128;-4028;0;-64;0;-741;0;74;148;10215
218A0180;308;49;1749600;1;0;1;1;1;1;0;0;1;0;1;1;50;3
218A0180;309;45;1753200;66;65;42677;48386;17;54;123;-4028;0;-65;0;-741;0;64;142;10282
218A0180;30A;49;1753200;1;0;1;1;1;1;0;0;1;0;1;1;50;3
218A0180;30B;45;1756800;57;55;41828;48410;17;54;116;-4027;0;-65;0;-742;0;55;131;10144
218A0180;30C;49;1756800;1;0;1;1;1;1;0;0;1;0;1;1;50;3
218A0180;30D;45;1760400;50;49;41910;48507;17;54;110;-4027;0;-65;0;-742;0;47;127;10571
218A0180;30E;49;1760400;1;0;1;1;1;1;1;1;1;0;1;1;50;3
218A0180;30F;45;1764000;44;43;41879;48513;17;54;109;-4027;0;-65;0;-742;0;45;120;10665
218A0180;310;49;1764000;4;4;19;34;43;43;13;11;11;9;7;6;50;3
218A0180;311;45;1767600;38;38;41383;48514;17;54;105;-4027;0;-65;0;-742;0;39;115;10659
218A0180;312;49;1767600;74;82;617;1183;1347;1437;179;189;245;242;160;119;50;3
218A0180;313;45;1771200;40;40;42502;48513;17;55;111;-4027;0;-65;0;-742;0;41;119;10910
218A0180;314;49;1771200;145;165;1090;2178;2808;3009;375;402;476;487;320;265;50;3
218A0180;315;45;1774800;49;49;42830;48509;17;55;126;-4028;0;-65;0;-742;0;54;127;11673
218A0180;316;49;1774800;238;259;1865;3648;4506;4629;728;842;990;1008;722;587;50;3
218A0180;317;45;1778400;65;64;43746;48386;17;55;150;-4030;0;-65;0;-741;0;71;136;11831
218A0180;318;49;1778400;310;308;2126;4066;4879;4741;891;1020;1186;1211;866;670;50;3
218A0180;319;45;1782000;84;83;44835;48377;17;55;169;-4031;0;-68;0;-740;0;89;152;12024
218A0180;31A;49;1782000;311;266;1974;3711;5159;4943;785;707;913;855;712;469;50;3
218A0180;31B;45;1785600;98;99;45869;48274;17;54;183;-4033;0;-61;0;-740;0;102;165;11800
218A0180;31C;49;1785600;441;332;2342;4049;6128;5527;996;825;1130;1008;991;631;50;3
218A0180;31D;45;1789200;109;108;45631;48266;17;54;189;-4033;0;-61;0;-740;0;115;174;11772
218A0180;31E;49;1789200;753;328;3575;5317;8196;7291;1264;972;1938;1447;1582;889;50;3
218A0180;31F;45;1792800;120;120;47161;48262;17;54;196;-4035;0;-62;0;-734;0;125;180;11890
218A0180;320;49;1792800;796;568;4134;6816;9414;9286;1613;1607;2142;2127;1600;1659;50;3
218A0180;321;45;1796400;127;127;47427;48272;17;54;200;-4036;0;-68;0;-729;0;133;189;11383
218A0180;322;49;1796400;827;477;3727;6194;8412;8213;1413;1333;2031;1772;1582;1040;50;3
218A0180;323;45;1800000;139;140;49215;48266;17;54;209;-4035;0;-64;0;-734;0;144;201;11788
218A0180;324;49;1800000;1280;536;3599;5324;7534;6915;2316;1642;2851;2192;2914;1342;50;3
218A0180;325;45;1803600;147;143;48857;48394;17;53;213;-4035;0;-60;0;-736;0;150;208;11619
218A0180;326;49;1803600;1482;765;2811;4426;6150;5751;2312;1891;2796;2258;2886;1519;50;3
218A0180;327;45;1807200;154;150;50580;48262;17;53;217;-4036;0;-61;0;-735;0;156;213;11487
218A0180;328;49;1807200;402;233;1913;3116;4364;4213;797;662;1124;866;844;448;50;3
218A0180;329;45;1810800;152;151;50250;48430;17;52;217;-4035;0;-68;0;-740;0;155;215;11513
218A0180;32A;49;1810800;414;203;1711;2621;3880;3494;786;649;1170;932;971;496;50;3
218A0180;32B;45;1814400;151;151;50292;48511;17;52;213;-4035;0;-59;0;-740;0;153;217;11053
218A0180;32C;49;1814400;165;106;779;1492;2419;2371;417;321;412;369;361;244;50;3
218A0180;32D;45;1818000;148;145;48684;48386;17;52;204;-4034;0;-62;0;-739;0;148;219;10559
218A0180;32E;49;1818000;79;54;365;677;935;943;216;178;226;187;167;106;50;3
218A0180;32F;45;1821600;138;139;47012;48386;17;52;196;-4034;0;-63;0;-740;0;141;211;10442
218A0180;330;49;1821600;39;26;147;271;357;366;110;92;107;89;79;56;50;3
218A0180;331;45;1825200;128;130;45412;48399;17;52;185;-4033;0;-64;0;-740;0;132;204;10173
218A0180;332;49;1825200;10;8;40;71;87;86;27;24;25;21;19;17;50;3
218A0180;333;45;1828800;122;121;44603;48509;17;52;177;-4032;0;-64;0;-740;0;125;196;10050
218A0180;334;49;1828800;1;1;1;1;2;2;1;1;1;1;1;1;50;3
218A0180;335;45;1832400;111;113;43203;48514;17;52;169;-4031;0;-65;0;-740;0;117;188;9998
218A0180;336;49;1832400;1;1;1;1;1;1;1;1;1;1;1;1;50;3
218A0180;337;45;1836000;104;105;42990;48528;17;52;162;-4031;0;-64;0;-740;0;110;180;9894
218A0180;338;49;1836000;1;1;1;1;1;1;1;1;1;1;1;1;50;3
218A0180;339;45;1839600;97;97;42676;48639;17;52;155;-4030;0;-64;0;-741;0;99;176;9854
218A0180;33A;49;1839600;1;1;1;1;1;1;1;1;1;1;1;1;50;3
218A0180;33B;45;1843200;90;88;42004;48641;17;53;149;-4030;0;-65;0;-741;0;93;167;9710
218A0180;33C;49;1843200;1;1;1;1;1;1;1;1;1;1;1;1;50;3
218A0180;33D;45;1846800;81;81;42004;48642;17;53;141;-4029;0;-65;0;-741;0;83;157;9779
218A0180;33E;49;1846800;1;1;1;1;1;1;1;1;1;1;1;1;50;3
218A0180;33F;45;1850400;71;72;42430;48695;17;53;133;-4029;0;-65;0;-741;0;74;151;9820
218A0180;340;49;1850400;6;5;29;51;62;60;16;14;15;13;11;10;50;3
218A0180;341;45;1854000;65;65;42562;48768;17;53;129;-4029;0;-65;0;-741;0;69;145;9831
218A0180;342;49;1854000;97;102;892;1722;1774;1894;219;237;340;332;206;140;50;3
218A0180;343;45;1857600;66;66;42190;48767;17;54;135;-4029;0;-65;0;-741;0;70;145;9870
218A0180;344;49;1857600;155;185;1312;2684;3368;3643;417;457;547;567;346;284;50;3
218A0180;345;45;1861200;76;77;42786;48645;17;54;153;-4031;0;-65;0;-740;0;83;149;10292
218A0180;346;49;1861200;237;260;1835;3638;4467;4623;853;1004;1129;1149;866;735;50;3
218A0180;347;45;1864800;91;91;47087;48634;17;54;174;-4032;0;-64;0;-740;0;95;160;10725
218A0180;348;49;1864800;312;306;2120;4051;4859;4714;877;997;1164;1197;847;651;50;3
218A0180;349;45;1868400;106;106;52582;48527;17;54;189;-4034;0;-64;0;-738;0;109;173;11940
218A0180;34A;49;1868400;313;267;1984;3699;5165;4936;793;711;918;862;716;469;50;3
218A0180;34B;45;1872000;121;121;54415;48515;17;53;205;-4034;0;-62;0;-739;0;124;185;11931
218A0180;34C;49;1872000;445;339;2331;3992;6080;5489;1014;840;1137;1015;993;648;50;3
218A0180;34D;45;1875600;137;136;52175;48514;17;53;217;-4035;0;-62;0;-738;0;137;196;11900
218A0180;34E;49;1875600;752;331;3533;5242;8091;7218;1276;982;1924;1447;1578;909;50;3
218A0180;34F;45;1879200;146;145;50472;48514;17;52;225;-4036;0;-60;0;-738;0;149;204;11843
218A0180;350;49;1879200;811;551;4289;6905;9539;9311;1545;1542;2197;2141;1597;1519;50;3
218A0180;351;45;1882800;157;156;49794;48642;17;52;231;-4036;0;-67;0;-738;0;157;214;11731
218A0180;352;49;1882800;810;507;3818;6394;8655;8515;1473;1405;2033;1845;1575;1082;50;3
218A0180;353;45;1886400;168;166;48890;48642;17;53;236;-4036;0;-63;0;-739;0;169;223;11624
218A0180;354;49;1886400;1926;792;3806;5541;8015;7184;3888;2444;3913;3140;4617;2147;50;3
218A0180;355;45;1890000;175;172;49091;48642;17;52;242;-4038;0;-63;0;-736;0;175;231;11078
218A0180;356;49;1890000;1036;550;2625;4309;6040;5699;1843;1503;2194;1816;2168;1172;50;3
218A0180;357;45;1893600;179;177;48383;48642;17;52;242;-4037;0;-65;0;-738;0;178;234;11272
218A0180;358;49;1893600;418;241;1963;3166;4423;4281;826;680;1166;884;875;460;50;3
218A0180;359;45;1897200;176;175;49021;48643;17;52;236;-4037;0;-67;0;-737;0;175;233;10986
218A0180;35A;49;1897200;420;205;1736;2668;3921;3550;792;652;1172;934;964;495;50;3
218A0180;35B;45;1900800;175;173;49006;48647;17;52;234;-4036;0;-63;0;-738;0;174;236;10837
218A0180;35C;49;1900800;171;111;805;1539;2502;2463;441;336;426;380;377;258;50;3
218A0180;35D;45;1904400;168;167;50510;48621;17;52;226;-4036;0;-64;0;-739;0;167;235;10574
218A0180;35E;49;1904400;80;56;366;687;943;965;223;183;231;187;172;107;50;3
218A0180;35F;45;1908000;161;160;51442;48642;17;52;218;-4035;0;-64;0;-740;0;159;231;10329
218A0180;360;49;1908000;39;26;148;275;359;373;113;95;109;89;81;56;50;3
218A0180;361;45;1911600;150;148;54522;48644;17;52;203;-4034;0;-64;0;-740;0;147;221;9928
218A0180;362;49;1911600;10;8;40;69;87;84;28;24;26;21;20;17;50;3
218A0180;363;45;1915200;138;137;55624;48695;17;52;190;-4033;0;-64;0;-740;0;136;210;9737
218A0180;364;49;1915200;1;1;1;1;2;2;1;1;1;1;1;1;50;3
218A0180;365;45;1918800;127;128;54935;48769;17;52;182;-4032;0;-64;0;-740;0;127;201;9697
218A0180;366;49;1918800;1;1;1;1;1;1;1;1;1;1;1;1;50;3
218A0180;367;45;1922400;119;120;54056;48770;17;52;175;-4032;0;-64;0;-740;0;120;193;9619
218A0180;368;49;1922400;1;1;1;1;1;1;1;1;1;1;1;1;50;3
218A0180;369;45;1926000;112;111;53144;48801;17;52;169;-4031;0;-65;0;-741;0;110;186;9451
218A0180;36A;49;1926000;1;1;1;1;1;1;1;1;1;1;1;1;50;3
218A0180;36B;45;1929600;101;103;50634;48891;17;52;162;-4031;0;-64;0;-741;0;104;177;9718
218A0180;36C;49;1929600;1;1;1;1;1;1;1;1;1;1;1;1;50;3
218A0180;36D;45;1933200;95;95;49284;48898;17;52;156;-4031;0;-65;0;-740;0;96;171;9739
218A0180;36E;49;1933200;1;1;1;1;1;1;1;1;1;1;1;1;50;3
218A0180;36F;45;1936800;87;88;46964;48898;17;53;150;-4030;0;-65;0;-741;0;91;166;9788
218A0180;370;49;1936800;5;4;22;40;47;47;14;12;12;10;8;7;50;3
218A0180;371;45;1940400;82;83;47008;48903;17;53;146;-4030;0;-65;0;-741;0;85;159;9756
218A0180;372;49;1940400;78;83;691;1371;1446;1588;188;197;266;262;167;117;50;3
218A0180;373;45;1944000;82;84;50884;48900;17;53;153;-4030;0;-65;0;-741;0;84;160;10104
218A0180;374;49;1944000;149;175;1226;2536;3178;3477;401;436;519;536;333;272;50;3
218A0180;375;45;1947600;91;91;55948;48898;17;54;168;-4031;0;-65;0;-740;0;94;164;11352
218A0180;376;49;1947600;240;261;1793;3598;4398;4589;956;1151;1276;1292;1020;897;50;3
218A0180;377;45;1951200;108;107;54201;48787;17;54;189;-4033;0;-65;0;-740;0;109;173;11799
218A0180;378;49;1951200;293;288;2049;4005;4791;4690;746;821;999;1033;699;496;50;3
218A0180;379;45;1954800;124;124;49797;48770;17;54;211;-4034;0;-63;0;-741;0;124;185;11855
218A0180;37A;49;1954800;318;268;1964;3695;5122;4927;807;734;937;881;730;491;50;3
218A0180;37B;45;1958400;142;140;48616;48769;17;53;226;-4036;0;-63;0;-739;0;144;202;11863
218A0180;37C;49;1958400;428;298;2284;3960;6003;5445;1007;822;1118;998;968;630;50;3
218A0180;37D;45;1962000;157;156;47876;48886;17;53;240;-4036;0;-63;0;-739;0;158;213;11453
218A0180;37E;49;1962000;757;345;3430;5151;7911;7095;1336;1046;1914;1467;1577;966;50;3
218A0180;37F;45;1965600;167;167;48358;48829;17;52;248;-4037;0;-64;0;-740;0;169;224;11671
218A0180;380;49;1965600;817;592;3946;6647;9071;9041;1773;1760;2163;2198;1682;1803;50;3
218A0180;381;45;1969200;178;178;48176;48820;17;52;253;-4036;0;-59;0;-746;0;178;233;11548
218A0180;382;49;1969200;871;498;3505;5931;8034;7953;1595;1436;2009;1802;1690;1146;50;3
218A0180;383;45;1972800;190;189;47943;48788;17;52;263;-4036;0;-53;0;-749;0;190;245;11089
218A0180;384;49;1972800;1312;548;3386;5120;7236;6744;2597;1801;2909;2277;3213;1546;50;3
218A0180;385;45;1976400;195;194;47878;48788;17;52;264;-4037;0;-64;0;-743;0;194;249;11271
218A0180;386;49;1976400;1005;515;2402;4046;5645;5416;1689;1360;1946;1624;1982;1080;50;3
218A0180;387;45;1980000;201;201;47785;48785;17;51;271;-4038;0;-60;0;-741;0;200;257;11153
218A0180;388;49;1980000;473;247;1846;3029;4240;4135;894;718;1162;903;963;503;50;3
218A0180;389;45;1983600;197;196;48196;48853;17;51;261;-4038;0;-64;0;-739;0;196;255;10847
218A0180;38A;49;1983600;439;197;1604;2522;3719;3394;769;612;1061;849;929;469;50;3
218A0180;38B;45;1987200;193;191;48091;48897;17;51;252;-4037;0;-63;0;-740;0;192;253;10004
218A0180;38C;49;1987200;203;120;765;1439;2232;2226;459;364;475;410;426;279;50;3
218A0180;38D;45;1990800;186;186;48493;48770;17;51;243;-4037;0;-63;0;-740;0;184;251;9671
218A0180;38E;49;1990800;106;67;384;699;942;957;243;211;271;224;216;139;50;3
218A0180;38F;45;1994400;178;176;48670;48830;17;52;234;-4036;0;-63;0;-742;0;175;244;9368
218A0180;390;49;1994400;48;33;172;308;399;408;112;102;123;104;95;69;50;3
218A0180;391;45;1998000;169;168;48356;48897;17;51;225;-4035;0;-64;0;-740;0;166;238;9078
218A0180;392;49;1998000;9;8;42;72;96;97;24;21;23;20;18;16;50;3
218A0180;393;45;2001600;159;158;48503;48898;17;51;213;-4034;0;-64;0;-740;0;156;229;9147
218A0180;394;49;2001600;1;0;1;1;1;1;0;0;1;0;0;0;50;3
218A0180;395;45;2005200;149;149;50277;48915;17;51;203;-4034;0;-64;0;-740;0;146;219;9239
218A0180;396;49;2005200;1;0;0;0;1;0;0;0;1;0;0;0;50;3
218A0180;397;45;2008800;138;138;51695;49017;17;52;193;-4033;0;-65;0;-740;0;135;208;9482
218A0180;398;49;2008800;1;0;0;0;1;0;0;0;1;0;0;0;50;3
218A0180;399;45;2012400;129;130;53539;49026;17;52;186;-4032;0;-65;0;-741;0;126;200;9667
218A0180;39A;49;2012400;1;0;0;0;1;0;0;0;1;0;0;0;50;3
218A0180;39B;45;2016000;120;121;54878;49026;17;52;179;-4032;0;-65;0;-741;0;120;194;9572
218A0180;39C;49;2016000;1;0;1;1;1;0;0;0;1;0;1;0;50;3
218A0180;39D;45;2019600;112;113;55616;49086;17;52;174;-4031;0;-65;0;-741;0;111;184;9497
218A0180;39E;49;2019600;1;0;1;1;1;1;1;1;1;0;1;1;50;3
218A0180;39F;45;2023200;105;106;56380;49152;17;52;168;-4031;0;-65;0;-741;0;104;180;9415
218A0180;3A0;49;2023200;7;7;37;69;84;85;19;17;18;16;13;12;50;3
218A0180;3A1;45;2026800;99;101;56360;49153;17;53;165;-4031;0;-65;0;-741;0;97;176;9623
218A0180;3A2;49;2026800;85;91;710;1458;1513;1675;202;214;286;282;183;130;50;3
218A0180;3A3;45;2030400;99;101;54703;49153;17;53;170;-4031;0;-65;0;-741;0;99;174;10023
218A0180;3A4;49;2030400;149;171;1160;2446;3053;3380;399;430;508;521;334;273;50;3
218A0180;3A5;45;2034000;107;108;50657;49136;17;54;184;-4032;0;-64;0;-741;0;108;178;11421
218A0180;3A6;49;2034000;243;262;1725;3469;4241;4457;963;1177;1302;1320;1077;964;50;3
218A0180;3A7;45;2037600;123;123;48333;49026;17;54;207;-4034;0;-63;0;-741;0;125;189;11595
218A0180;3A8;49;2037600;288;285;1924;3799;4580;4545;733;805;952;982;680;497;50;3
218A0180;3A9;45;2041200;143;144;48591;48989;17;53;232;-4036;0;-63;0;-741;0;144;205;11814
218A0180;3AA;49;2041200;322;268;1880;3540;4930;4785;806;731;913;861;723;504;50;3
218A0180;3AB;45;2044800;164;164;47798;49026;17;52;257;-4037;0;-63;0;-741;0;167;224;12104
218A0180;3AC;49;2044800;461;314;2286;3956;5962;5456;1085;901;1173;1057;1028;699;50;3
218A0180;3AD;45;2048400;181;181;47165;49025;17;52;269;-4036;0;-47;0;-754;0;182;237;11988
218A0180;3AE;49;2048400;806;421;3401;5158;7820;7132;1547;1292;1960;1618;1650;1182;50;3
218A0180;3AF;45;2052000;192;191;47140;49025;17;51;274;-4038;0;-62;0;-741;0;194;246;11907
218A0180;3B0;49;2052000;1109;957;3939;6779;9219;9497;2738;2724;2666;2908;2271;3228;50;3
218A0180;3B1;45;2055600;201;201;46687;49024;17;51;278;-4039;0;-61;0;-740;0;202;254;11802
218A0180;3B2;49;2055600;1135;660;3429;5808;8016;7826;2474;1965;2348;2224;2249;1825;50;3
218A0180;3B3;45;2059200;212;210;46213;49020;17;51;286;-4038;0;-54;0;-750;0;212;264;11783
218A0180;3B4;49;2059200;1440;627;2950;4547;6446;6131;2524;1879;2637;2175;3083;1635;50;3
218A0180;3B5;45;2062800;212;211;46777;49025;17;51;280;-4040;0;-63;0;-736;0;210;263;11320
218A0180;3B6;49;2062800;927;446;1989;3403;4747;4623;1607;1245;1672;1413;1828;1048;50;3
218A0180;3B7;45;2066400;211;210;47198;49026;17;51;274;-4040;0;-62;0;-734;0;208;264;11223
218A0180;3B8;49;2066400;393;176;951;1604;2151;2091;714;570;782;624;771;427;50;3
218A0180;3B9;45;2070000;194;192;48525;49024;17;51;249;-4037;0;-63;0;-739;0;191;249;9935
218A0180;3BA;49;2070000;326;153;949;1587;2251;2124;606;485;694;568;644;353;50;3
218A0180;3BB;45;2073600;190;187;48976;49026;17;51;247;-4037;0;-64;0;-739;0;188;251;9679
218A0180;3BC;49;2073600;221;124;745;1397;2109;2121;475;379;499;422;453;292;50;3
218A0180;3BD;45;2077200;187;186;48797;49026;17;51;248;-4037;0;-64;0;-739;0;185;252;9865
218A0180;3BE;49;2077200;195;133;494;870;1146;1147;335;326;393;349;361;226;50;3
218A0180;3BF;45;2080800;181;181;48968;49027;17;51;241;-4036;0;-63;0;-740;0;178;249;9702
218A0180;3C0;49;2080800;55;36;187;333;432;440;122;107;132;110;109;77;50;3
218A0180;3C1;45;2084400;172;172;48757;49146;17;51;230;-4036;0;-64;0;-740;0;169;242;9418
218A0180;3C2;49;2084400;9;8;42;73;97;99;25;21;23;20;18;16;50;3
218A0180;3C3;45;2088000;160;160;48807;49154;17;51;217;-4035;0;-64;0;-740;0;157;231;9431
218A0180;3C4;49;2088000;0;0;1;1;1;1;0;0;0;0;0;0;50;3
218A0180;3C5;45;2091600;151;150;48639;49155;17;51;209;-4034;0;-64;0;-740;0;148;221;9167
218A0180;3C6;49;2091600;0;0;0;0;0;0;0;0;0;0;0;0;50;3
218A0180;3C7;45;2095200;143;143;48438;49187;17;51;202;-4034;0;-64;0;-740;0;140;215;9620
218A0180;3C8;49;2095200;0;0;0;0;0;0;0;0;0;0;0;0;50;3
218A0180;3C9;45;2098800;136;135;48645;49279;17;51;196;-4033;0;-65;0;-741;0;132;204;9273
218A0180;3CA;49;2098800;0;0;0;0;0;0;0;0;0;0;0;0;50;3
218A0180;3CB;45;2102400;128;129;49026;49282;17;52;189;-4033;0;-65;0;-740;0;126;199;9600
218A0180;3CC;49;2102400;0;0;0;0;0;0;0;0;0;0;0;0;50;3
218A0180;3CD;45;2106000;122;121;48996;49284;17;52;185;-4032;0;-65;0;-741;0;119;194;9776
218A0180;3CE;49;2106000;0;0;1;1;1;1;0;0;1;0;0;0;50;3
218A0180;3CF;45;2109600;117;115;48869;49308;17;52;182;-4032;0;-65;0;-741;0;114;190;9898
218A0180;3D0;49;2109600;7;6;34;62;79;78;21;18;19;16;14;12;50;3
218A0180;3D1;45;2113200;114;113;49528;49344;17;52;181;-4032;0;-65;0;-741;0;111;186;9921
218A0180;3D2;49;2113200;70;72;382;790;935;1054;168;168;194;186;146;119;50;3
218A0180;3D3;45;2116800;115;116;48815;49303;17;53;189;-4032;0;-64;0;-741;0;115;186;10503
218A0180;3D4;49;2116800;162;171;993;2154;2689;3035;406;428;488;492;350;295;50;3
218A0180;3D5;45;2120400;122;123;48930;49282;17;54;200;-4033;0;-64;0;-741;0;122;191;11311
218A0180;3D6;49;2120400;224;210;1181;2378;2914;3088;554;583;664;660;502;443;50;3
218A0180;3D7;45;2124000;136;136;49687;49281;17;54;219;-4035;0;-64;0;-741;0;137;199;11826
218A0180;3D8;49;2124000;333;315;1761;3541;4286;4361;797;847;952;965;719;579;50;3
218A0180;3D9;45;2127600;154;154;48455;49157;17;53;245;-4037;0;-61;0;-739;0;158;215;12075
218A0180;3DA;49;2127600;465;426;1940;3655;4986;4936;1158;1174;1240;1215;1060;960;50;3
218A0180;3DB;45;2131200;171;171;47463;49153;17;52;263;-4038;0;-63;0;-742;0;175;230;11310
218A0180;3DC;49;2131200;579;420;2253;4022;5839;5502;1383;1224;1362;1290;1222;1031;50;3
218A0180;3DD;45;2134800;186;185;46695;49261;17;52;274;-4038;0;-62;0;-740;0;183;236;11185
218A0180;3DE;49;2134800;914;700;2118;3561;5006;5003;1802;1701;1680;1699;1697;2062;50;3
218A0180;3DF;45;2138400;196;196;46677;49205;17;52;281;-4039;0;-61;0;-740;0;198;250;11546
218A0180;3E0;49;2138400;1317;1094;3991;7111;9523;10101;3085;2987;2836;3021;2619;3288;50;3
218A0180;3E1;45;2142000;205;204;46409;49204;17;51;286;-4039;0;-63;0;-739;0;204;256;11478
218A0180;3E2;49;2142000;1122;662;2196;3847;5132;5146;2212;1863;1951;1869;2103;1679;50;3
218A0180;3E3;45;2145600;205;204;46852;49282;17;52;273;-4038;0;-58;0;-747;0;203;256;11132
218A0180;3E4;49;2145600;637;346;978;1706;2151;2064;1433;1176;1119;1063;1215;999;50;3
218A0180;3E5;45;2149200;191;189;47423;49189;17;52;253;-4037;0;-65;0;-740;0;188;241;9384
218A0180;3E6;49;2149200;234;214;623;1201;1518;1571;482;514;497;515;435;461;50;3
218A0180;3E7;45;2152800;177;175;48655;49282;17;53;236;-4036;0;-63;0;-740;0;175;233;9017
218A0180;3E8;49;2152800;428;201;630;1122;1408;1390;636;529;633;548;783;423;50;3
218A0180;3E9;45;2156400;170;168;49358;49289;17;52;232;-4036;0;-64;0;-740;0;167;230;8916
218A0180;3EA;49;2156400;221;107;432;774;967;959;442;351;421;349;420;274;50;3
218A0180;3EB;45;2160000;169;168;48948;49286;17;52;235;-4036;0;-63;0;-740;0;169;234;10726
218A0180;3EC;49;2160000;235;126;647;1208;1690;1717;477;388;506;419;466;301;50;3
218A0180;3ED;45;2163600;169;169;48583;49290;17;52;237;-4036;0;-64;0;-740;0;169;236;11157
218A0180;3EE;49;2163600;128;90;311;570;742;761;242;224;249;229;243;210;50;3
218A0180;3EF;45;2167200;169;168;49074;49301;17;52;236;-4036;0;-65;0;-738;0;167;237;10838
218A0180;3F0;49;2167200;21;19;61;121;154;164;45;46;46;44;39;38;50;3
218A0180;3F1;45;2170800;166;165;49190;49362;17;52;234;-4036;0;-64;0;-741;0;164;235;10700
218A0180;3F2;49;2170800;2;2;9;18;24;26;6;5;5;5;4;4;50;3
218A0180;3F3;45;2174400;158;157;49439;49410;17;52;222;-4035;0;-64;0;-740;0;156;227;10063
218A0180;3F4;49;2174400;0;0;0;1;1;0;0;0;0;0;0;0;50;3
218A0180;3F5;45;2178000;148;148;49578;49411;17;53;211;-4034;0;-64;0;-740;0;144;221;9627
218A0180;3F6;49;2178000;0;0;0;0;0;0;0;0;0;0;0;0;50;3
218A0180;3F7;45;2181600;138;138;49291;49463;17;53;201;-4033;0;-65;0;-741;0;136;211;9365
218A0180;3F8;49;2181600;0;0;0;0;0;0;0;0;0;0;0;0;50;3
218A0180;3F9;45;2185200;130;130;49053;49537;17;53;194;-4033;0;-65;0;-741;0;128;203;9300
218A0180;3FA;49;2185200;0;0;0;0;0;0;0;0;0;0;0;0;50;3
218A0180;3FB;45;2188800;124;125;49295;49537;17;53;190;-4033;0;-65;0;-741;0;122;196;9168
218A0180;3FC;49;2188800;0;0;0;0;0;0;0;0;0;0;0;0;50;3
218A0180;3FD;45;2192400;119;120;48690;49544;17;54;187;-4032;0;-65;0;-741;0;117;194;9096
218A0180;3FE;49;2192400;0;0;1;1;1;1;0;0;0;0;0;0;50;3
218A0180;3FF;45;2196000;114;114;48678;49562;17;54;184;-4032;0;-65;0;-742;0;112;189;8992
218A0180;400;49;2196000;9;9;50;96;123;131;28;25;25;23;18;17;50;3
218A0180;401;45;2199600;111;112;49380;49587;17;54;183;-4033;0;-65;0;-742;0;110;187;8999
218A0180;402;49;2199600;77;80;464;967;1114;1246;193;195;227;221;164;135;50;3
218A0180;403;45;2203200;112;112;49512;49589;17;54;188;-4033;0;-65;0;-741;0;112;186;9227
218A0180;404;49;2203200;158;161;883;1933;2411;2740;396;411;459;462;336;287;50;3
218A0180;405;45;2206800;120;120;50432;49538;17;55;203;-4034;0;-65;0;-741;0;120;188;9881
218A0180;406;49;2206800;263;254;1448;2995;3643;3933;626;663;753;761;553;457;50;3
218A0180;407;45;2210400;134;134;49429;49537;17;55;221;-4035;0;-65;0;-741;0;135;196;10768
218A0180;408;49;2210400;337;320;1687;3481;4165;4308;816;865;942;961;714;597;50;3
218A0180;409;45;2214000;150;149;48615;49452;17;54;242;-4036;0;-64;0;-741;0;151;209;11358
218A0180;40A;49;2214000;1114;1489;2529;4312;5611;5723;2190;2884;2568;2657;2483;2516;50;3
218A0180;40B;45;2217600;162;161;48181;49425;17;54;249;-4037;0;-64;0;-741;0;163;218;11404
218A0180;40C;49;2217600;635;429;2248;4062;5881;5543;1502;1319;1433;1354;1325;1124;50;3
218A0180;40D;45;2221200;175;174;48060;49410;17;54;264;-4038;0;-64;0;-741;0;175;228;11537
218A0180;40E;49;2221200;1029;620;3297;5272;7710;7386;2212;1895;2225;2000;2019;1854;50;3
218A0180;40F;45;2224800;188;188;49630;49396;17;53;278;-4039;0;-62;0;-739;0;190;243;11670
218A0180;410;49;2224800;1292;956;4178;7446;9805;10443;2971;2796;2840;2887;2554;2714;50;3
218A0180;411;45;2228400;203;201;51534;49295;17;52;291;-4041;0;-63;0;-738;0;201;253;11415
218A0180;412;49;2228400;1179;621;2836;4976;6693;6706;2636;2032;2291;2090;2318;1807;50;3
218A0180;413;45;2232000;195;192;48196;49411;17;53;267;-4039;0;-64;0;-738;0;197;247;10972
218A0180;414;49;2232000;5505;2240;4749;6560;9645;8290;8372;5556;7920;6602;11916;6344;50;3
218A0180;415;45;2235600;190;189;48089;49451;17;53;258;-4038;0;-62;0;-738;0;191;245;10607
218A0180;416;49;2235600;896;374;1755;3205;4361;4381;1427;1094;1488;1233;1715;918;50;3
218A0180;417;45;2239200;194;192;48326;49425;17;53;266;-4038;0;-62;0;-741;0;195;249;11140
218A0180;418;49;2239200;765;361;1852;3080;4084;4044;1332;1056;1554;1211;1487;812;50;3
218A0180;419;45;2242800;191;189;48352;49465;17;53;261;-4038;0;-63;0;-740;0;188;247;10770
218A0180;41A;49;2242800;306;220;665;1254;1576;1594;584;555;590;560;566;427;50;3
218A0180;41B;45;2246400;185;184;48352;49537;17;53;255;-4037;0;-64;0;-741;0;184;244;9890
218A0180;41C;49;2246400;395;242;994;1830;2511;2569;716;635;788;683;763;564;50;3
218A0180;41D;45;2250000;185;185;48396;49537;17;53;257;-4038;0;-63;0;-739;0;184;251;10861
218A0180;41E;49;2250000;243;156;456;814;1073;1091;428;382;400;375;449;399;50;3
218A0180;41F;45;2253600;180;180;48547;49540;17;53;249;-4037;0;-63;0;-739;0;179;249;10106
218A0180;420;49;2253600;71;51;188;331;441;449;151;131;145;127;137;123;50;3
218A0180;421;45;2257200;173;173;49205;49599;17;53;240;-4036;0;-64;0;-740;0;171;244;9275
218A0180;422;49;2257200;6;5;26;45;57;56;20;16;16;13;12;10;50;3
218A0180;423;45;2260800;167;167;49489;49665;17;53;233;-4036;0;-64;0;-740;0;165;237;9134
218A0180;424;49;2260800;0;0;0;1;1;0;0;0;0;0;0;0;50;3
218A0180;425;45;2264400;161;161;49413;49666;17;53;227;-4035;0;-65;0;-739;0;159;233;8810
218A0180;426;49;2264400;0;0;0;0;0;0;0;0;0;0;0;0;50;3
218A0180;427;45;2268000;157;157;50048;49674;17;53;225;-4035;0;-65;0;-740;0;155;228;8744
218A0180;428;49;2268000;0;0;0;0;0;0;0;0;0;0;0;0;50;3
218A0180;429;45;2271600;145;144;50638;49741;17;53;210;-4034;0;-65;0;-740;0;141;215;8448
218A0180;42A;49;2271600;0;0;0;0;0;0;0;0;0;0;0;0;50;3
218A0180;42B;45;2275200;132;133;50854;49793;17;54;197;-4033;0;-65;0;-741;0;130;205;8341
218A0180;42C;49;2275200;0;0;0;0;0;0;0;0;0;0;0;0;50;3
218A0180;42D;45;2278800;122;121;50471;49814;17;54;188;-4033;0;-65;0;-741;0;119;194;8361
218A0180;42E;49;2278800;0;0;1;1;1;1;0;0;1;0;0;0;50;3
218A0180;42F;45;2282400;116;116;50562;49849;17;54;187;-4032;0;-65;0;-742;0;114;191;8541
218A0180;430;49;2282400;11;12;59;123;152;169;34;31;31;29;23;22;50;3
218A0180;431;45;2286000;111;111;50747;49913;17;55;184;-4032;0;-65;0;-741;0;109;185;8585
218A0180;432;49;2286000;40;36;187;381;429;448;112;107;117;108;81;64;50;3
218A0180;433;45;2289600;110;111;50730;49920;17;55;187;-4033;0;-65;0;-742;0;109;184;9131
218A0180;434;49;2289600;157;171;1065;2486;2984;3445;418;446;514;527;347;284;50;3
218A0180;435;45;2293200;118;119;50029;49811;17;56;209;-4034;0;-65;0;-741;0;118;187;11076
218A0180;436;49;2293200;246;245;1699;3577;4183;4501;601;654;810;818;535;389;50;3
218A0180;437;45;2296800;131;132;49462;49795;17;55;219;-4035;0;-66;0;-742;0;130;193;11629
218A0180;438;49;2296800;289;285;1815;3822;4457;4572;728;784;932;948;658;459;50;3
218A0180;439;45;2300400;140;140;49193;49794;17;55;229;-4036;0;-65;0;-740;0;140;200;11639
218A0180;43A;49;2300400;550;593;2002;3744;5071;5020;1290;1428;1437;1385;1239;1018;50;3
218A0180;43B;45;2304000;149;148;49648;49793;17;55;236;-4036;0;-65;0;-741;0;150;209;11484
218A0180;43C;49;2304000;584;326;2290;4113;6051;5613;1242;988;1331;1145;1272;789;50;3
218A0180;43D;45;2307600;158;157;50304;49793;17;55;243;-4037;0;-64;0;-739;0;159;213;11518
218A0180;43E;49;2307600;1375;1032;4110;6572;9607;9329;2660;2468;2882;2655;2609;2743;50;3
218A0180;43F;45;2311200;163;163;50561;49793;17;54;247;-4037;0;-65;0;-740;0;164;218;11299
218A0180;440;49;2311200;1057;893;3858;6957;9108;9801;2479;2420;2536;2633;2133;2833;50;3
218A0180;441;45;2314800;169;169;50581;49793;17;54;251;-4037;0;-68;0;-740;0;168;223;11166
218A0180;442;49;2314800;1149;542;2551;4533;6033;5888;2456;1795;2104;1924;2324;1615;50;3
218A0180;443;45;2318400;176;175;50703;49791;17;55;256;-4037;0;-63;0;-740;0;174;228;11048
218A0180;444;49;2318400;1573;636;2099;3375;4623;4352;2396;1654;2288;1876;2932;1670;50;3
218A0180;445;45;2322000;175;174;50605;49793;17;54;251;-4037;0;-63;0;-739;0;173;229;10967
218A0180;446;49;2322000;631;346;1704;3141;4178;4158;1291;1024;1321;1135;1229;799;50;3
218A0180;447;45;2325600;177;176;50916;49794;17;54;253;-4037;0;-67;0;-740;0;177;232;11244
218A0180;448;49;2325600;633;304;2123;3533;4663;4525;1085;872;1500;1132;1249;609;50;3
218A0180;449;45;2329200;176;175;51133;49798;17;54;252;-4037;0;-65;0;-740;0;175;233;11236
218A0180;44A;49;2329200;464;190;1412;2436;3602;3324;770;582;970;772;919;445;50;3
218A0180;44B;45;2332800;172;171;51117;49884;17;54;241;-4036;0;-62;0;-745;0;170;232;10564
218A0180;44C;49;2332800;137;71;371;667;872;861;320;249;327;256;274;182;50;3
218A0180;44D;45;2336400;165;164;51437;49921;17;54;237;-4036;0;-64;0;-742;0;162;230;10121
218A0180;44E;49;2336400;101;51;267;488;641;659;219;171;225;175;197;111;50;3
218A0180;44F;45;2340000;161;161;50902;49922;17;54;235;-4035;0;-66;0;-743;0;160;231;10312
218A0180;450;49;2340000;71;57;253;497;653;715;158;143;172;149;143;126;50;3
218A0180;451;45;2343600;152;151;50381;49981;17;54;223;-4035;0;-65;0;-741;0;150;223;9624
218A0180;452;49;2343600;7;6;28;51;63;67;21;18;19;15;15;13;50;3
218A0180;453;45;2347200;141;140;50112;50049;17;55;209;-4034;0;-66;0;-741;0;137;212;8799
218A0180;454;49;2347200;0;0;1;1;1;1;0;0;1;0;0;0;50;3
218A0180;455;45;2350800;130;131;50904;50058;17;55;200;-4033;0;-65;0;-741;0;127;202;8551
218A0180;456;49;2350800;0;0;0;0;0;0;0;0;0;0;0;0;50;3
218A0180;457;45;2354400;119;119;51049;50177;17;55;191;-4033;0;-65;0;-742;0;117;193;8496
218A0180;458;49;2354400;0;0;0;0;0;0;0;0;0;0;0;0;50;3
218A0180;459;45;2358000;109;110;51607;50178;17;55;183;-4032;0;-65;0;-742;0;108;184;8536
218A0180;45A;49;2358000;0;0;0;0;0;0;0;0;0;0;0;0;50;3
218A0180;45B;45;2361600;101;101;51131;50218;17;55;176;-4032;0;-65;0;-742;0;99;175;8502
218A0180;45C;49;2361600;0;0;0;0;0;0;0;0;0;0;0;0;50;3
218A0180;45D;45;2365200;93;94;51062;50301;17;55;171;-4031;0;-65;0;-742;0;90;169;8494
218A0180;45E;49;2365200;0;0;2;3;4;4;1;1;1;1;1;1;50;3
218A0180;45F;45;2368800;87;87;50590;50305;17;55;167;-4031;0;-65;0;-742;0;84;160;8486
218A0180;460;49;2368800;13;12;68;138;161;172;37;33;36;32;27;23;50;3
218A0180;461;45;2372400;83;84;50924;50305;17;56;166;-4031;0;-65;0;-742;0;82;161;8588
218A0180;462;49;2372400;105;107;744;1540;1671;1832;250;260;340;326;224;170;50;3
218A0180;463;45;2376000;86;86;51285;50305;17;56;174;-4031;0;-66;0;-742;0;85;161;9390
218A0180;464;49;2376000;128;99;540;1083;1340;1412;302;283;335;308;262;207;50;3
218A0180;465;45;2379600;97;97;52012;50259;17;57;199;-4033;0;-66;0;-742;0;99;168;10811
218A0180;466;49;2379600;295;228;1371;2667;3300;3417;625;613;772;728;609;505;50;3
218A0180;467;45;2383200;113;113;51386;50205;17;56;213;-4034;0;-64;0;-740;0;114;176;11457
218A0180;468;49;2383200;302;291;1826;3678;4434;4478;744;790;930;945;681;486;50;3
218A0180;469;45;2386800;126;126;50467;50184;17;56;225;-4035;0;-65;0;-741;0;125;186;10715
218A0180;46A;49;2386800;512;510;1268;2186;2904;2870;1037;1122;1105;1063;1041;953;50;3
218A0180;46B;45;2390400;129;127;51379;50247;17;56;220;-4035;0;-63;0;-740;0;129;186;10963
218A0180;46C;49;2390400;529;439;1981;3460;4875;4601;1192;1176;1323;1242;1079;929;50;3
218A0180;46D;45;2394000;145;145;49430;50179;17;55;243;-4036;0;-64;0;-741;0;145;201;11375
218A0180;46E;49;2394000;1027;600;2607;4008;5903;5732;1930;1619;1978;1734;1954;1937;50;3
218A0180;46F;45;2397600;155;155;49716;50180;17;55;250;-4036;0;-64;0;-742;0;154;210;11265
218A0180;470;49;2397600;740;586;2502;4429;5923;6421;1860;1686;1696;1759;1506;2405;50;3
218A0180;471;45;2401200;164;164;50366;50179;17;55;258;-4039;0;-63;0;-732;0;164;219;11328
218A0180;472;49;2401200;1019;564;3337;5826;7956;7815;2194;1688;2147;2015;2050;1493;50;3
218A0180;473;45;2404800;172;170;51314;50182;17;54;262;-4038;0;-68;0;-740;0;173;225;10966
218A0180;474;49;2404800;5751;1691;4567;6275;9224;7771;6656;4511;6454;5372;8677;4387;50;3
218A0180;475;45;2408400;176;174;51384;50201;17;54;262;-4038;0;-64;0;-740;0;175;230;10963
218A0180;476;49;2408400;707;346;2049;3695;5093;5023;1320;1012;1407;1196;1387;789;50;3
218A0180;477;45;2412000;176;174;51120;50233;17;54;258;-4038;0;-63;0;-739;0;174;230;10859
218A0180;478;49;2412000;521;237;1797;2879;3868;3700;901;714;1257;935;1044;490;50;3
218A0180;479;45;2415600;177;177;51798;50261;17;53;261;-4038;0;-66;0;-738;0;175;234;10936
218A0180;47A;49;2415600;439;181;1377;2314;3463;3171;730;552;926;741;876;427;50;3
218A0180;47B;45;2419200;177;175;51163;50305;17;53;258;-4037;0;-62;0;-740;0;176;239;10983
218A0180;47C;49;2419200;174;97;640;1201;1816;1794;422;316;434;350;370;227;50;3
218A0180;47D;45;2422800;171;170;50612;50307;17;53;251;-4037;0;-65;0;-740;0;168;235;10525
218A0180;47E;49;2422800;86;51;298;562;747;770;219;176;232;179;176;107;50;3
218A0180;47F;45;2426400;164;162;49616;50355;17;53;241;-4036;0;-62;0;-741;0;159;231;9981
218A0180;480;49;2426400;37;24;116;224;274;291;103;86;100;80;75;53;50;3
218A0180;481;45;2430000;149;148;49638;50434;17;53;222;-4035;0;-64;0;-741;0;146;220;8942
218A0180;482;49;2430000;6;5;22;38;46;44;18;15;16;13;12;11;50;3
218A0180;483;45;2433600;134;135;49879;50524;17;53;206;-4034;0;-65;0;-740;0;131;207;8830
218A0180;484;49;2433600;1;0;1;1;1;1;0;0;1;0;0;0;50;3
218A0180;485;45;2437200;121;121;50137;50561;17;53;194;-4033;0;-65;0;-741;0;118;196;8602
218A0180;486;49;2437200;1;0;0;0;1;0;0;0;1;0;0;0;50;3
218A0180;487;45;2440800;109;110;50352;50605;17;53;185;-4032;0;-65;0;-741;0;107;185;8597
218A0180;488;49;2440800;1;0;0;0;0;0;0;0;1;0;0;0;50;3
218A0180;489;45;2444400;99;101;50538;50688;17;53;178;-4032;0;-65;0;-741;0;97;178;8653
218A0180;48A;49;2444400;1;0;0;0;0;0;0;0;1;0;0;0;50;3
218A0180;48B;45;2448000;92;92;50762;50689;17;53;173;-4031;0;-65;0;-741;0;90;168;8628
218A0180;48C;49;2448000;1;0;0;0;1;0;0;0;1;0;0;0;50;3
218A0180;48D;45;2451600;85;85;50576;50707;17;54;169;-4031;0;-65;0;-741;0;83;159;8642
218A0180;48E;49;2451600;1;0;2;3;3;3;1;1;1;1;1;1;50;3
218A0180;48F;45;2455200;78;78;50821;50752;17;54;165;-4031;0;-65;0;-742;0;77;152;8599
218A0180;490;49;2455200;19;19;95;190;229;248;48;45;50;46;39;35;50;3
218A0180;491;45;2458800;73;74;50875;50816;17;54;163;-4031;0;-66;0;-742;0;72;151;8665
218A0180;492;49;2458800;96;91;558;1117;1264;1359;219;222;280;266;200;159;50;3
218A0180;493;45;2462400;76;77;50874;50816;17;55;171;-4031;0;-65;0;-742;0;76;154;9949
218A0180;494;49;2462400;191;168;915;1868;2337;2505;421;425;501;488;399;325;50;3
218A0180;495;45;2466000;84;83;50572;50810;17;55;183;-4032;0;-65;0;-741;0;83;158;10791
218A0180;496;49;2466000;260;225;1294;2521;3131;3222;574;585;707;688;551;443;50;3
218A0180;497;45;2469600;97;96;50363;50720;17;55;202;-4033;0;-65;0;-742;0;97;163;11602
218A0180;498;49;2469600;336;287;1572;3066;3804;3835;757;762;902;879;722;567;50;3
218A0180;499;45;2473200;108;108;49641;50708;17;55;212;-4034;0;-65;0;-742;0;108;169;11669
218A0180;49A;49;2473200;719;571;1616;2827;3779;3817;1303;1325;1372;1324;1373;1315;50;3
218A0180;49B;45;2476800;112;111;49593;50750;17;55;210;-4034;0;-65;0;-742;0;110;172;11506
218A0180;49C;49;2476800;564;391;1123;1991;2631;2695;956;920;1000;945;1030;966;50;3
218A0180;49D;45;2480400;114;114;49569;50808;17;55;211;-4034;0;-64;0;-741;0;114;175;11661
218A0180;49E;49;2480400;673;476;1414;2543;3312;3385;1175;1143;1239;1182;1233;1198;50;3
218A0180;49F;45;2484000;119;118;49659;50816;17;55;215;-4034;0;-64;0;-741;0;117;178;11482
218A0180;4A0;49;2484000;777;563;1508;2697;3505;3597;1346;1323;1381;1343;1406;1422;50;3
218A0180;4A1;45;2487600;113;112;49463;50829;17;55;204;-4034;0;-64;0;-742;0;113;176;11108
218A0180;4A2;49;2487600;238;166;434;811;1008;1047;401;395;449;409;439;385;50;3
218A0180;4A3;45;2491200;112;112;49393;50860;17;55;206;-4029;0;-50;0;-767;0;111;175;11123
218A0180;4A4;49;2491200;485;408;953;1712;2117;2159;838;924;943;936;858;808;50;3
218A0180;4A5;45;2494800;112;112;49752;50910;17;55;205;-4033;0;-63;0;-743;0;111;173;11164
218A0180;4A6;49;2494800;839;693;1552;2626;3262;3268;1382;1538;1609;1585;1445;1309;50;3
218A0180;4A7;45;2498400;109;109;49690;50945;17;55;202;-4030;0;-46;0;-764;0;109;172;11012
218A0180;4A8;49;2498400;401;365;754;1340;1645;1674;696;812;783;804;688;671;50;3
218A0180;4A9;45;2502000;105;105;49929;50950;17;55;197;-4029;1;-53;1;-764;1;105;170;10807
218A0180;4AA;49;2502000;317;296;572;1010;1246;1269;571;662;613;644;542;546;50;3
218A0180;4AB;45;2505600;102;101;50317;50987;17;55;194;-4031;0;-59;0;-750;0;100;173;10829
218A0180;4AC;49;2505600;157;124;317;573;722;738;270;283;299;287;283;252;50;3
218A0180;4AD;45;2509200;100;100;50366;51068;17;55;194;-4032;0;-60;0;-748;0;98;173;11062
218A0180;4AE;49;2509200;92;79;184;334;423;436;167;178;177;175;164;158;50;3
218A0180;4AF;45;2512800;99;98;49931;51073;17;55;193;-4030;0;-58;0;-759;0;96;171;10805
218A0180;4B0;49;2512800;40;33;92;168;213;220;88;83;83;76;73;67;50;3
218A0180;4B1;45;2516400;94;94;50087;51075;17;55;188;-4032;0;-61;0;-745;0;93;168;10651
218A0180;4B2;49;2516400;9;8;29;56;70;78;22;20;20;17;17;16;50;3
218A0180;4B3;45;2520000;86;86;51278;51193;17;55;179;-4031;0;-58;0;-745;0;86;161;10344
218A0180;4B4;49;2520000;1;1;1;1;1;1;1;1;1;1;1;1;50;3
218A0180;4B5;45;2523600;76;76;51669;51201;17;55;169;-4030;0;-57;0;-749;0;77;151;10003
218A0180;4B6;49;2523600;1;1;1;1;1;1;1;1;1;1;1;1;50;3
218A0180;4B7;45;2527200;68;68;51610;51221;17;55;163;-4028;1;-55;1;-758;1;66;145;9681
218A0180;4B8;49;2527200;1;1;1;1;1;1;1;1;1;1;1;1;50;3
218A0180;4B9;45;2530800;53;53;51406;51329;17;55;148;-4025;4;-52;4;-772;4;51;133;9279
218A0180;4BA;49;2530800;1;1;1;1;1;1;1;1;1;1;1;1;50;3
218A0180;4BB;45;2534400;40;40;51335;51369;17;55;136;-4025;0;-55;0;-767;0;40;117;9046
218A0180;4BC;49;2534400;1;1;1;1;1;1;1;1;1;1;1;1;50;3
218A0180;4BD;45;2538000;25;23;50568;51457;17;55;125;-4026;0;-53;0;-758;0;23;104;9113
218A0180;4BE;49;2538000;1;1;3;5;6;7;2;2;2;2;1;1;50;3
218A0180;4BF;45;2541600;9;9;49566;51487;17;55;111;-4023;0;-50;0;-771;0;10;87;9260
218A0180;4C0;49;2541600;16;17;69;120;142;140;43;47;44;40;29;28;50;3
218A0180;4C1;45;2545200;-5;-6;49553;51585;17;55;103;-4026;0;-56;0;-747;0;-2;79;9243
218A0180;4C2;49;2545200;132;137;1129;1989;2177;2203;289;317;466;438;274;191;50;3
218A0180;4C3;45;116;-9;-8;50440;51586;17;57;122;-4028;0;-53;0;-749;0;-5;72;9686
218A0180;4C4;49;116;283;292;2110;3709;4657;4621;658;748;940;949;601;443;50;3
